"","baseMean","log2FoldChange","lfcSE","pvalue","padj"
"ENSG00000149527.18",302.440735181748,1.22335668033045,0.582409493776766,0.00121207362490273,0.048618336198891
"ENSG00000142583.19",238.469067577156,3.88627973408928,0.593583100312164,3.38565881852056e-12,7.65937594513905e-09
"ENSG00000188257.13",50.4165060613548,3.46460587019959,0.786388121764206,6.04927067199059e-07,0.000210542539096067
"ENSG00000117215.15",468.646811040042,4.17466567967448,0.627428695834076,1.15439689554637e-12,3.26449012099318e-09
"ENSG00000162545.7",718.049042394082,-1.09109522294403,0.430271731797005,0.000483616966963429,0.0259878067544267
"ENSG00000188822.8",155.023952935342,1.47101113388142,0.672858258104851,0.00088461651640983,0.0401861033147381
"ENSG00000158246.8",451.065273367732,-1.22500019874542,0.49452063212199,0.000515540979357208,0.0270605187378147
"ENSG00000142748.15",1630.34019480795,-1.54711666039745,0.702569919508838,0.000809734163570472,0.0377122271135624
"ENSG00000182866.19",994.495593700819,1.43568687161837,0.533598807240905,0.000276685500199865,0.0179788971255715
"ENSG00000177181.16",497.590020286526,-1.23002810257399,0.403059304056348,0.000102733251954702,0.00863990468019045
"ENSG00000182183.15",124.981900425347,1.64760198494995,0.71346534870942,0.000630767320245966,0.0313623056833505
"ENSG00000116133.14",9962.20574707476,-1.16750022682022,0.448408178847086,0.000343842994253987,0.0205787303148358
"ENSG00000169174.14",353.953328996318,-2.0490676155431,0.655334793772309,6.24586204388648e-05,0.00619737443065104
"ENSG00000021852.15",169.001038945459,-3.40645184025273,0.854706090547719,2.5302683656976e-06,0.000572422612371767
"ENSG00000177606.9",13728.0386440241,-1.19661961236179,0.536038314245212,0.00090988388964545,0.0407609965058396
"ENSG00000162433.16",309.63504727443,1.5630036317825,0.509550289733934,8.75281224646484e-05,0.00782964427574766
"ENSG00000117069.16",1207.38298608531,-1.49248329858755,0.38924200089489,5.73814729502025e-06,0.00101417270511909
"ENSG00000097096.11",1457.76241790864,-1.39832150956312,0.384981943228083,1.28739295238644e-05,0.00191609807643673
"ENSG00000154451.16",5297.61414460413,2.18372810590593,0.654411619894654,3.48975277162308e-05,0.00398730691678934
"ENSG00000162692.13",2212.55158076466,1.64318939728718,0.339977084063666,6.7591269091393e-08,3.82279320163646e-05
"ENSG00000060718.23",173.725657368729,2.27944937964826,0.795965716169371,0.000129945921945348,0.0104618028191089
"ENSG00000116824.6",1260.17424966031,1.52348716942041,0.587872451906254,0.000343285103527081,0.0205787303148358
"ENSG00000143387.15",2666.88694009282,1.9631179452683,0.411736130502713,8.79762818674922e-08,4.73877958259113e-05
"ENSG00000143297.20",1034.71065090558,1.77017506516211,0.884322164473196,0.00118758485850125,0.047890788331326
"ENSG00000163568.18",661.68952951275,1.52038483017967,0.542795650501266,0.000195023519473849,0.0142302544446183
"ENSG00000179639.11",317.353358418223,-1.62393763897576,0.571449665897597,0.000163735750698241,0.0124371617929805
"ENSG00000158714.12",775.150125599413,1.81626841266336,0.692946076598751,0.000292251943394653,0.0186405571484462
"ENSG00000177807.12",186.823638988166,2.4506251540807,1.05794725058796,0.000538519045962798,0.0278785271780695
"ENSG00000066294.16",3729.9728134863,1.3562692641838,0.605203734203367,0.000935582538175285,0.0414021660855325
"ENSG00000117091.11",912.538426513696,1.35388092236186,0.57997944566618,0.000688717626698223,0.0335464644464417
"ENSG00000026751.18",2910.65350345144,3.05594568941365,0.641484125113594,8.12978273877649e-08,4.48585548534977e-05
"ENSG00000122224.20",589.156903504823,1.62360871517688,0.623352301095686,0.000315680157408981,0.0196739179092655
"ENSG00000158764.8",407.958432828882,-1.98252786706769,0.442489798324761,3.21506135968427e-07,0.000129882737750245
"ENSG00000143167.13",141.593478221192,-2.49159433944776,0.766881813397873,3.96526597656291e-05,0.00441938734667942
"ENSG00000094963.15",8135.90664520364,-1.02070210204779,0.456042234192696,0.00104146760592779,0.0436317067572306
"ENSG00000224000.2",128.168275065019,-1.55472382146104,0.634130648113097,0.00047580151757949,0.0258130880868125
"ENSG00000143851.18",855.530041648585,1.15058793857135,0.533858934045226,0.0011494412031367,0.0467799237289243
"ENSG00000133048.14",5005.81085815355,3.39835829457886,0.730052258461167,1.30918943733602e-07,6.3016580086921e-05
"ENSG00000133063.17",7853.10907523476,4.43202301301311,0.690419227401385,6.07282594262489e-12,1.24895946636366e-08
"ENSG00000122188.14",664.576582127119,1.15043161801166,0.511028698023493,0.000931623125429629,0.041325705816852
"ENSG00000162894.13",500.871097384061,1.50749824532326,0.637362245133314,0.000616355395945283,0.0309175346396234
"ENSG00000196352.19",10796.3857587899,-1.55314463248107,0.502947851983393,7.8035265326042e-05,0.00717638946126443
"ENSG00000082512.16",1542.1859924391,1.05911368650244,0.41506293053323,0.00048991286109759,0.0261398553221952
"ENSG00000302784.1",84.9287085393419,-1.36629979648632,0.632111784942373,0.00100052799606445,0.0426270147927799
"ENSG00000289341.3",174.300277211773,-1.77252393158614,0.537847156976022,3.96676095546981e-05,0.00441938734667942
"ENSG00000154342.7",154.846378455683,-1.67358377969593,0.556569051981403,9.88385575872834e-05,0.00847578818306781
"ENSG00000162849.16",941.804387379716,1.44092631817734,0.43821780743061,4.46219527026919e-05,0.00478427694783412
"ENSG00000084710.15",488.953657842888,-1.35813381253851,0.405676889421116,3.63718745481765e-05,0.00411420458951699
"ENSG00000171303.8",1949.74578348094,-1.40908292651063,0.358483429380683,4.00273896045691e-06,0.000794333013179094
"ENSG00000300218.1",75.3961474377292,-2.85259667064909,0.804697189905105,1.53991576941763e-05,0.00220719934518406
"ENSG00000205221.14",36.6131607074669,2.48339964841773,1.01899848233621,0.00038497901858821,0.0223232839289078
"ENSG00000116016.15",46484.4871102344,-1.1649721318687,0.429422930241215,0.000330449088068903,0.0202048852853712
"ENSG00000228100.3",759.809193062216,-1.61827026953538,0.535272469376121,9.48508148666227e-05,0.00828498063601392
"ENSG00000183607.11",316.059216419976,-1.82191986480002,0.527092801340942,2.19026462456399e-05,0.00286071389539084
"ENSG00000116005.13",6076.77336185018,-1.04682929813824,0.402372171747643,0.000421024024470424,0.0238147759530478
"ENSG00000168874.15",2109.24996349383,-1.58429915941644,0.402281820835407,3.62234568102765e-06,0.000746101593518203
"ENSG00000291127.2",756.516569714751,1.83639455784347,0.792562690288902,0.000610039777431264,0.0307370376054064
"ENSG00000211592.8",67081.7328411344,2.22706168333146,0.681447765080164,4.24877995468449e-05,0.00464348545482257
"ENSG00000211598.2",2875.11207367791,2.55199607921849,0.600198304455501,8.72320783230447e-07,0.000270335795603047
"ENSG00000211599.2",39.4736024736315,2.53971954022814,1.04087277401608,0.000466691143583833,0.0254408523886676
"ENSG00000243466.1",1974.72407451595,3.68068195640791,0.613337666757036,8.9249306462807e-11,1.34605804007205e-07
"ENSG00000241755.1",382.696340752987,1.72474310508554,0.561975754391764,8.47834182446742e-05,0.00767222108379705
"ENSG00000241351.3",1718.38293543606,2.19656828992322,0.577383013849191,5.83283305224586e-06,0.00102291614062758
"ENSG00000243290.3",307.727034308469,1.56675833841856,0.644417817043952,0.000492667601229548,0.0262249862179202
"ENSG00000244437.1",786.445125352802,2.50028409269109,0.549574642773613,2.36915016094738e-07,0.000102937263146573
"ENSG00000239951.1",3640.83268593149,1.70441833354873,0.695510379639825,0.000462116004644957,0.0252886601502823
"ENSG00000244575.3",314.519857491974,2.86026365413566,0.610811859806789,1.17624721096787e-07,5.97371463220517e-05
"ENSG00000244116.3",171.86403678473,1.58918764052614,0.525720165885098,9.69195290391696e-05,0.00842960876906749
"ENSG00000242076.3",557.092041490595,1.90410088611474,0.592862132209665,4.95458472570409e-05,0.00516532581795409
"ENSG00000242371.1",348.341203326545,1.81530776705297,0.4455569137903,1.9968934437573e-06,0.000491040438892623
"ENSG00000251039.4",29.4247784779383,3.03184490668517,1.07297230601621,0.000194975135406337,0.0142302544446183
"ENSG00000251546.1",395.662163286944,2.30350080376315,0.771211837326015,9.27043509003318e-05,0.00816180483971325
"ENSG00000239975.3",256.490474882601,2.52030601663448,0.702174615550353,1.14770074716362e-05,0.00177838589062209
"ENSG00000243264.3",68.4535843467441,2.15591563815345,0.838509424226393,0.00032959002297899,0.0202048852853712
"ENSG00000242534.3",92.0102259664269,1.57754267461994,0.652870464573631,0.000504969878359015,0.026747939825157
"ENSG00000211625.2",417.821306698937,2.57691599800935,0.873527912492193,9.79136774357776e-05,0.00845458444515113
"ENSG00000224041.3",109.543502522796,2.62003855346334,0.676787291467501,3.72910168742999e-06,0.000759480569503522
"ENSG00000235584.4",561.062687913216,-2.12895328035582,0.556257334636202,5.0041655622872e-06,0.000912977721900189
"ENSG00000198203.11",473.554146382277,2.37482665384937,0.670148003950977,1.49765382895172e-05,0.00217313188229526
"ENSG00000144130.12",62.6938999733453,3.56267528867887,1.04907157279038,2.6547020123549e-05,0.00331172171026237
"ENSG00000115109.15",3975.18992715752,-1.23747119433089,0.405244935249041,0.000101136569104487,0.00859859088777835
"ENSG00000236485.2",64.1990053665299,-2.4274565748099,0.661434158300985,9.93329000302919e-06,0.00159376467899666
"ENSG00000176771.18",2745.24877781524,-1.52428200403332,0.373692155003054,2.0874128009935e-06,0.000502378082945489
"ENSG00000279512.1",363.158057031239,-1.29372693462759,0.60416895636511,0.00100961113143903,0.042772345742594
"ENSG00000144278.16",267.660704965415,-2.28658709837067,0.628046262175127,1.0337036482434e-05,0.00164686462212749
"ENSG00000153234.17",2971.3028833452,-1.43362466592465,0.657337109664208,0.000889698455534612,0.0402552963191191
"ENSG00000136542.10",3169.71099143101,-1.50348170352949,0.476487552539634,6.17247286135011e-05,0.00615153539834025
"ENSG00000236841.9",30.8682568546489,3.03421685969266,0.966633206363708,6.77305504970594e-05,0.00653725482131922
"ENSG00000078098.16",633.158521183673,1.04641919015803,0.461135948996009,0.000985554055364535,0.0424560846086337
"ENSG00000073737.18",429.970458186714,1.29721756448014,0.544605775076955,0.00064475099150961,0.0318476019234103
"ENSG00000304419.1",55.1022858137642,2.07397853657046,0.944611866380254,0.000689524199601971,0.0335464644464417
"ENSG00000168542.19",60653.4156204064,2.43485734770763,0.321736677773269,2.19625208986513e-15,7.09797300414555e-12
"ENSG00000204262.15",7796.04132126977,1.24153618346602,0.369909942441538,3.8484032909912e-05,0.00433146406229323
"ENSG00000115415.22",21915.0760737132,1.34772301397225,0.630731588429239,0.00107650365866476,0.0443601862841036
"ENSG00000168497.6",8126.7884231379,-1.61344670250448,0.416084028026228,4.5557660948989e-06,0.000863931897026605
"ENSG00000178562.19",517.680860368539,1.40371779401765,0.657340021401019,0.0010485850519481,0.0437677852956125
"ENSG00000224137.3",121.548524058986,2.70517860310569,0.648831120855485,1.23696753143988e-06,0.000341267273948347
"ENSG00000188282.13",95.3972462256258,2.64865330832573,0.843225837301821,5.8234419961351e-05,0.00585527681238064
"ENSG00000291236.2",88.9191756541512,2.95478405708978,0.791236522082139,6.45580530191818e-06,0.00111564645016698
"ENSG00000135917.17",896.17353787647,-1.55546446375115,0.446093081490993,2.07536079144195e-05,0.00276181689322302
"ENSG00000079263.20",1009.04201903862,1.18361939702436,0.44623844886631,0.000342332957888437,0.0205787303148358
"ENSG00000204128.7",67.624183468198,-1.69207240498831,0.804640749431237,0.00099947351941995,0.0426270147927799
"ENSG00000124839.14",462.747404533605,-1.13497919929619,0.510829668838191,0.000992739289711325,0.0425354942256426
"ENSG00000134115.14",575.603474126505,-1.42675211665065,0.398599689157685,1.54151746691014e-05,0.00220719934518406
"ENSG00000144681.12",636.320842072993,-1.85616269522922,0.674218269122421,0.000199590506194078,0.0143632371013834
"ENSG00000168026.20",1042.25452852595,-1.36905640463503,0.495211118592331,0.000218929801132064,0.0152395350492637
"ENSG00000114812.14",2339.85235343722,-1.74472034138332,0.518171117650952,2.96109411423749e-05,0.00358229048911202
"ENSG00000163815.7",450.043788722454,-1.14072457919762,0.471970995850534,0.000630725639263925,0.0313623056833505
"ENSG00000163817.18",208.6557215586,-2.0315212200741,0.512822968981388,3.12047025494982e-06,0.000685382510463397
"ENSG00000173578.9",170.35752303853,2.05731584630119,0.621490366338673,3.29022204641183e-05,0.00389710436418716
"ENSG00000012223.14",4432.45800515217,4.39160888317312,0.360522091221046,2.32871172932416e-35,2.63412227262503e-31
"ENSG00000163827.15",240.851315759069,-1.09231993598184,0.457674268774888,0.000704233341223583,0.0338975976138322
"ENSG00000114270.18",490.866579699633,1.98312316842839,0.609538879606817,4.33780209505919e-05,0.00470942409704232
"ENSG00000012171.21",1433.87177430107,-1.35772096668673,0.509179321777811,0.000291511773213865,0.0186405571484462
"ENSG00000114378.18",1129.08637700387,-1.29183289890114,0.408973561230885,6.99609085566074e-05,0.0067064645520175
"ENSG00000007402.13",3521.64748532213,-1.04055760644294,0.480935845640281,0.001197508056046,0.0481194045327329
"ENSG00000088538.14",142.341344794267,1.42491928099657,0.661491542016156,0.000990865542359839,0.0425354942256426
"ENSG00000114854.8",742.414050578182,-2.04971932147317,0.412935121540941,3.20405026701642e-08,2.0134785886309e-05
"ENSG00000168309.19",3852.01726800417,-2.02050311575306,0.565923037892752,1.35126670927824e-05,0.00198504589376633
"ENSG00000243384.1",66.0582380719006,-1.75481430562668,0.843647986747342,0.00103209209078,0.0433996642559775
"ENSG00000309424.1",50.4783038686633,-2.25888641703716,0.747470248095664,9.27190842861825e-05,0.00816180483971325
"ENSG00000271856.2",95.1030250615781,1.68893015942415,0.602421078727091,0.000187522745222397,0.0137737891726178
"ENSG00000153283.15",1338.13257857253,1.44434890697677,0.565082499384944,0.000387514271854506,0.0223232839289078
"ENSG00000299130.1",34.1610941621143,-2.30833209719136,0.96651833407664,0.000527319974967528,0.0274996502450049
"ENSG00000091986.17",11049.8505618367,1.43487374470898,0.597055121770757,0.000605070663749238,0.0306230729888121
"ENSG00000243197.8",163.317518319121,-1.78780829780977,0.516096167694535,2.18714576467072e-05,0.00286071389539084
"ENSG00000241213.3",129.345313060868,-1.54528726040878,0.604624115690138,0.000375540435291766,0.0221246126760563
"ENSG00000173200.14",1046.7313879274,1.27794151938018,0.382658199392252,3.98512583973213e-05,0.00441938734667942
"ENSG00000114654.9",787.235361476172,-1.30261423853409,0.421768728248967,8.75613314663908e-05,0.00782964427574766
"ENSG00000271270.9",153.232694619025,1.18875496844219,0.529943448253695,0.000924318281700214,0.0410822249251551
"ENSG00000066405.14",13751.6927076738,-1.20739527090703,0.349309563736117,2.66425032607413e-05,0.00331172171026237
"ENSG00000158220.15",1588.63915802025,-1.01933312992797,0.392069172996486,0.000436331775352026,0.0243131373246032
"ENSG00000047457.15",1979.02361294114,2.49202681674899,0.564096442666841,4.31211668597881e-07,0.000162588359644831
"ENSG00000169860.7",1576.75595947161,-1.0428032701893,0.383847483207347,0.00031211518058713,0.0195054743934327
"ENSG00000238755.3",27.5372979494551,2.82565712509521,1.04320551558984,0.000200280055723307,0.0143632371013834
"ENSG00000114790.14",2974.99093957926,-1.38982674297412,0.371254793355686,8.50837060046927e-06,0.00138478322370084
"ENSG00000196549.14",3371.11041168014,-3.14836477195795,0.481844028763738,2.79153794942753e-12,7.01699589221099e-09
"ENSG00000197415.13",2282.18062010297,-1.28036958957347,0.553517855104605,0.000725477345918771,0.0345945104199295
"ENSG00000118849.11",1028.55389633019,1.35009174790642,0.567619180681572,0.000620882823324022,0.0310757347611933
"ENSG00000114200.11",543.541051916704,-1.19774650081553,0.529093079242721,0.000856118425358879,0.0392859373973507
"ENSG00000163898.11",771.767723548128,-1.25008777725035,0.468049667872255,0.000306124638069654,0.0191840933159274
"ENSG00000114279.15",112.803896719894,-1.44086294843436,0.660337978009832,0.000923303567623237,0.0410822249251551
"ENSG00000145113.22",681.388816973865,1.50431000787061,0.476893506143167,6.78993489228159e-05,0.00653725482131922
"ENSG00000181215.17",56.319363568793,2.18461328066591,0.808552242754737,0.000201500973094699,0.0143803044615816
"ENSG00000004468.14",869.887403347021,2.30848880075182,0.547576398788795,1.0801705369786e-06,0.000305458725725836
"ENSG00000109819.11",601.636546325268,-1.47825549555009,0.437662013331074,3.13854237489101e-05,0.00377676830569996
"ENSG00000153012.13",168.635284161411,2.08379468867229,0.55704815708854,7.75613363535171e-06,0.00128078110388731
"ENSG00000298871.1",119.95676927018,2.54260898488188,0.775718819318061,3.46926883725948e-05,0.00398730691678934
"ENSG00000168421.15",693.598070953522,1.15357648679499,0.430621038078457,0.000325198034238727,0.0200461992604434
"ENSG00000064042.19",18406.0456537363,-1.41998142293818,0.377506283404168,7.66345843993763e-06,0.00127478250210815
"ENSG00000171476.24",5111.01083818012,-1.47434696606215,0.469279425134669,6.79067711183316e-05,0.00653725482131922
"ENSG00000310269.1",73.9878935515566,-2.11825067096932,0.716076798228062,0.000111407454434483,0.00929672072880238
"ENSG00000280285.1",364.555210322107,-2.14813919085259,0.490479589612489,5.00115924086518e-07,0.000182485847590473
"ENSG00000181617.6",67.1245422574776,2.67437205941963,0.825573615480208,4.14266861388699e-05,0.00454949475980415
"ENSG00000138755.6",6446.16007587532,3.65551229762922,0.779112871878776,1.09912314062264e-07,5.78266576983857e-05
"ENSG00000169245.6",1193.59407276151,2.65126732058504,0.66148530285811,2.4359797647615e-06,0.000556658285032317
"ENSG00000169248.13",231.686520602018,2.62490361099815,0.687170374249042,5.2024537848435e-06,0.000941560895796116
"ENSG00000138759.21",3752.21786262086,-1.03061823764698,0.414024084995214,0.000570549905178709,0.0292688220064806
"ENSG00000138772.14",2875.68107441827,-1.72534448135434,0.421632908741757,1.87085777585577e-06,0.000465103466628408
"ENSG00000118785.16",1088.41127484888,5.88271812736866,0.480962095347292,9.54190373447262e-36,2.15866488184974e-31
"ENSG00000138821.15",12645.4516010908,-1.35046272670834,0.469675145736726,0.000175362165947883,0.0130931296377523
"ENSG00000168743.14",7776.96920495937,-1.09380710682267,0.342299019257176,7.04107270676625e-05,0.00672110497237016
"ENSG00000245293.6",700.223595059486,-2.17383447995972,0.800526606489375,0.000195996431068921,0.0142302544446183
"ENSG00000173376.15",13968.7683154095,-1.05684140079859,0.383812874719122,0.000273234421112228,0.0179170501704984
"ENSG00000164161.11",3573.66926581713,-2.05664623827745,0.467900654979008,4.67086652796246e-07,0.000173227890921467
"ENSG00000289314.1",132.890092706618,-1.60885762101136,0.608339468040478,0.000288310246998929,0.0185824578856318
"ENSG00000137460.11",1006.78201303929,-1.15229756398319,0.510249283730003,0.000896134874733371,0.0403849786276754
"ENSG00000145423.6",1923.23560872939,2.72393220795591,0.678363939036449,2.4050503405301e-06,0.000556658285032317
"ENSG00000151790.10",336.881404028297,1.99370837509681,0.572511459951866,1.96173008657979e-05,0.0026416797469461
"ENSG00000171509.17",595.011024310416,-1.00192128698434,0.406247632853189,0.000624882812431827,0.0312068959506517
"ENSG00000164120.14",3932.91441911158,-1.75640770876009,0.429493064941708,1.86889574338929e-06,0.000465103466628408
"ENSG00000150625.18",1180.38588593473,-1.56013510690893,0.527346743958719,0.000116426713012391,0.00955851362448606
"ENSG00000151718.17",5271.5390618905,-1.0799331236559,0.38018444098255,0.000211581673162777,0.0149689606706562
"ENSG00000088926.16",311.319792436192,-1.39735404462504,0.629823824424923,0.000854259769530312,0.0392859373973507
"ENSG00000171368.13",826.502411867706,-1.16895491212824,0.411190669439195,0.000198996042318324,0.0143632371013834
"ENSG00000170561.14",909.984158051134,-1.1222938113994,0.42328167781251,0.000348008693052541,0.0207448628589647
"ENSG00000145536.16",108.269410478305,1.95144067340056,0.772775570284942,0.000387793421918436,0.0223232839289078
"ENSG00000133401.17",4351.59710387172,-1.27899523120514,0.398932152333991,5.98482431206997e-05,0.00599091506247606
"ENSG00000079215.16",3113.50446653479,2.52141062777982,0.618475804764749,1.86530272795491e-06,0.000465103466628408
"ENSG00000070193.6",274.015196336728,-1.30423693579993,0.563281034467024,0.000726357797350773,0.0345945104199295
"ENSG00000113088.6",112.687758244495,1.7240423941683,0.67494586640781,0.000353573629231233,0.0209944782522262
"ENSG00000164509.17",93.3625207842141,2.81632631767084,0.829577946490201,2.24521587892427e-05,0.00290248679022307
"ENSG00000134061.5",555.360428898166,1.24336050255847,0.575112356013087,0.00107591877961068,0.0443601862841036
"ENSG00000197822.13",1874.82774650543,-1.27740843174039,0.365852106129387,2.27099919949335e-05,0.00291913720966693
"ENSG00000152413.16",506.25896798227,-1.15377290119625,0.473210476867663,0.000592963057651245,0.0302130703901895
"ENSG00000173930.10",844.480162823521,-1.56067335726246,0.571837216651315,0.000227378711469802,0.015635223676539
"ENSG00000255833.2",207.915015179218,2.34605205649558,0.734515341162762,4.91569484478793e-05,0.00516532581795409
"ENSG00000145824.14",478.699384543085,2.28589775143671,0.865474652034012,0.000246022144851231,0.0163698793616747
"ENSG00000120738.8",6516.57762591286,-1.75055632013897,0.684598893531943,0.000330451644591227,0.0202048852853712
"ENSG00000170476.16",750.928526542027,2.00761014696938,0.736277848885152,0.000209890823908382,0.0149319500291803
"ENSG00000187678.11",2176.61455490473,-1.32632563026582,0.459382221541448,0.000159147278846667,0.0122462207120685
"ENSG00000169252.6",1160.59201440871,-1.07418122866291,0.371346810692366,0.000183656634562209,0.0135715584769844
"ENSG00000211445.13",10025.8138180197,-1.04419929904121,0.34727912042344,0.000130962877375583,0.0104708260976547
"ENSG00000086570.13",272.402004677029,1.76055724405248,0.778402381257354,0.000684476627567707,0.0334447402709811
"ENSG00000155511.19",972.481174246985,-1.45136523905755,0.441541183741753,4.38427979931296e-05,0.00472312199523129
"ENSG00000118322.15",101.954133439338,2.36722851583946,0.712365843655521,2.89551294323248e-05,0.00352178437176066
"ENSG00000145864.15",147.487173960308,-1.59896435248013,0.663835325631601,0.000507221243203482,0.026747939825157
"ENSG00000094755.18",159.789484350642,3.66838744257596,0.886480977205642,1.36052766660421e-06,0.000362108440018671
"ENSG00000253295.3",113.376589766689,-1.48756888413599,0.562555214004079,0.000304176543444944,0.0191682059675626
"ENSG00000295914.1",122.583707972945,-1.81576328146132,0.600427679638765,9.04436322686297e-05,0.00805553658587878
"ENSG00000160867.16",1612.36681411014,-1.57799014608819,0.3681884394065,8.49240438247093e-07,0.000270335795603047
"ENSG00000137265.17",1340.80203004094,1.28228251479395,0.51924219021007,0.000502921033170964,0.0267079402193116
"ENSG00000164379.7",286.878323205348,-1.36511827046276,0.547942223720086,0.000462781474703482,0.0252886601502823
"ENSG00000281706.6",433.604074615543,-1.83072199365972,0.69752603356159,0.00027736170880252,0.0179788971255715
"ENSG00000237988.6",775.081714153973,2.88680206085807,0.687151991619243,1.00327536338425e-06,0.000290988442895409
"ENSG00000290710.2",154.896103389608,-1.25375397443395,0.568644412274503,0.000950717665460611,0.0414413983539796
"ENSG00000196260.5",1063.85386344727,-1.54722765839254,0.560699192018434,0.000200626924989486,0.0143632371013834
"ENSG00000226979.10",32.913042777511,4.14152375272441,1.19297165532369,2.12843886998137e-05,0.00281588728395255
"ENSG00000227507.3",547.732876755905,2.0830315128126,0.532344593026055,3.62777594868065e-06,0.000746101593518203
"ENSG00000204305.17",11925.3644055216,-1.7799425455771,0.326365725548699,2.39748348101147e-09,2.1425804016452e-06
"ENSG00000241106.9",178.614560667408,1.17399614007695,0.500352763384623,0.000739807444174185,0.0350449080338002
"ENSG00000301948.1",65.9487418190418,5.77351447471703,1.22427995253667,2.64137728989228e-07,0.000110659034128209
"ENSG00000161896.13",86.1461697825237,-1.7368340929553,0.624390831709647,0.000196253343355033,0.0142302544446183
"ENSG00000164530.16",355.375755904083,2.65947945522781,0.829013263795144,4.5371024764874e-05,0.00484164477950823
"ENSG00000124731.14",1583.11812369803,-2.54439114715779,0.733104922184049,1.76380496972382e-05,0.0024183369593977
"ENSG00000096088.17",5572.69959636254,-1.4209070390202,0.468640228830729,0.000101837050303649,0.00859859088777835
"ENSG00000112782.19",6444.03885869926,-1.48033215343517,0.351092608205295,1.19729779741029e-06,0.000334400840380408
"ENSG00000069122.20",16362.9110446719,-1.0850340396332,0.406221400206571,0.000341571222755527,0.0205787303148358
"ENSG00000112837.17",88.9184887445513,2.7867840459021,1.00618586074892,0.000162385369690952,0.0124109601976973
"ENSG00000188820.15",199.222673473338,2.85839677570721,0.76740555409014,6.7380888614045e-06,0.00115060503740689
"ENSG00000198523.7",1093.96229448154,1.54939255572799,0.674094199731732,0.000691809772317872,0.0335854345046077
"ENSG00000184530.9",99.3864351169653,5.22479150608364,1.2670326757877,1.33899704634051e-06,0.000360620597373349
"ENSG00000146411.7",376.329480000962,-1.25705945831119,0.428475862663473,0.000145133860043444,0.0113581086902356
"ENSG00000016402.15",308.346612857944,-1.76980804020677,0.722559609559261,0.000438670065074391,0.0243833731748844
"ENSG00000226004.3",73.5432835656906,2.25612265345706,0.749669737285263,9.35271990055854e-05,0.00820103032210604
"ENSG00000203727.4",892.794276796913,-1.3267797687531,0.365066395271769,1.31566569980737e-05,0.0019453794200485
"ENSG00000178199.14",426.15912958607,1.84608411394304,0.617396430278704,9.89085479525219e-05,0.00847578818306781
"ENSG00000164694.18",255.921987123323,1.86312349298408,0.58695689196695,5.52596154206651e-05,0.00560600125408837
"ENSG00000186340.18",2196.10769949224,1.7135724477547,0.340951925442182,2.50126057499914e-08,1.66429464671193e-05
"ENSG00000006468.16",2915.26454586157,-1.21373601309896,0.473588498046181,0.000421071934810552,0.0238147759530478
"ENSG00000171243.8",345.002127456158,-1.97078864453772,0.74172003369125,0.000243814909336002,0.0162708693035645
"ENSG00000106537.9",3496.67467907567,-1.25345597927509,0.427291514176786,0.000141959777708957,0.0112292169619222
"ENSG00000232400.1",196.364649153564,-1.77995065344208,0.653942383264566,0.000218142183293568,0.0152315759649703
"ENSG00000122691.13",37.1634003768649,2.4334925663928,0.962811130029588,0.000305393696831251,0.0191840933159274
"ENSG00000241644.2",8999.4195163459,-1.48501080137735,0.387464882000584,5.70659495753807e-06,0.00101417270511909
"ENSG00000154678.19",1104.74179422178,-1.36161059480469,0.397892076101886,2.78631401729453e-05,0.00342580337028555
"ENSG00000164619.10",512.190643231368,-2.26445359434373,0.37353517944675,6.32661731476424e-11,1.10097741163009e-07
"ENSG00000302737.1",78.8139563871388,2.03802313048908,0.780088267241933,0.000263471010939771,0.0173775646661529
"ENSG00000243566.8",697.045963654271,-1.40336658548673,0.43197415556651,4.94040399128747e-05,0.00516532581795409
"ENSG00000254003.2",519.775205618416,-1.3969535055121,0.643262732539432,0.000937892783278509,0.0414021660855325
"ENSG00000164692.20",45060.4272278848,1.17641434866445,0.432744465368747,0.000291962665977028,0.0186405571484462
"ENSG00000106236.5",51.2782152229678,2.10211898361452,0.770153038046522,0.000226051520909832,0.0155913523095827
"ENSG00000091137.15",135.395674263796,1.66267551335465,0.526649446620546,6.40003439509819e-05,0.00629512948349158
"ENSG00000105971.16",6011.20529258313,-1.40428798315297,0.418451703648517,3.43672587504884e-05,0.00398713074211436
"ENSG00000105974.14",20198.1006652584,-1.41889767776991,0.434066933913886,4.68579708602255e-05,0.00495358819986393
"ENSG00000106025.10",1402.76609619895,-1.23043526713017,0.42111954634875,0.000151075805947216,0.0116707440474242
"ENSG00000158457.7",652.008695647894,1.27156227413682,0.490533148388847,0.0003842705443637,0.0223232839289078
"ENSG00000181072.13",151.416070216778,-2.45074602588012,0.748990630548649,3.52744175807111e-05,0.0040101163262735
"ENSG00000188883.6",178.728111231246,-1.37031210630004,0.57666704495369,0.0006130241500135,0.030818767435012
"ENSG00000310430.1",110.862453632842,1.83941311285051,0.885865822380193,0.000946915897683457,0.0414021660855325
"ENSG00000211772.11",1270.93227938823,1.29151490970945,0.5488309782003,0.000665827663744161,0.0326746621190546
"ENSG00000197993.10",53.1897386618393,3.73096821457359,0.804245769407175,1.18824717521652e-07,5.97371463220517e-05
"ENSG00000289470.2",329.04658451713,2.67655177313235,0.69723290205389,4.64703704721621e-06,0.000863931897026605
"ENSG00000130226.18",79.7509507314342,-3.55555910603357,0.827262297432142,7.84003242063302e-07,0.000253378647788544
"ENSG00000154319.17",782.921565990996,-2.05091246193314,0.677246089505977,8.2423834189549e-05,0.00751884839060551
"ENSG00000164741.16",11232.1389074179,-1.51440479106111,0.430493558766176,1.94123761499816e-05,0.00262973763856907
"ENSG00000175445.18",5047.44807822135,-1.73606415703305,0.581925991259686,0.000101861926266392,0.00859859088777835
"ENSG00000168484.14",177211.514257237,-1.52149091533988,0.625081256528058,0.000480622901664953,0.0259501954758144
"ENSG00000253535.6",75.4709268387003,2.55028013685176,0.651966880898,3.29684241630386e-06,0.000698641771659297
"ENSG00000042980.15",1816.62211648901,1.52584607565892,0.551265339749759,0.000216944009356498,0.0152315759649703
"ENSG00000134028.15",1357.56772303395,5.07759947620922,0.630746778063742,3.25051501066302e-17,1.47072802172459e-13
"ENSG00000156675.17",7351.6712506248,-1.0685500307162,0.397091945650965,0.000338662402217194,0.0205787303148358
"ENSG00000169495.5",507.885072990028,2.16330813173005,0.990427852929741,0.00074049012616399,0.0350449080338002
"ENSG00000131203.13",1852.98074803584,1.79319404813121,0.820485202045629,0.000849103372414981,0.0392025828451921
"ENSG00000253838.1",43.6050372775967,2.78780157836848,1.48498931883216,0.00124156251436091,0.0496252098275388
"ENSG00000253821.3",79.2509700698702,-2.40395530399281,0.859781360440888,0.000165566257341005,0.0124438718931081
"ENSG00000137573.15",2694.7285825088,1.95483266991659,0.336547257203147,3.15952970376221e-10,4.20459061695367e-07
"ENSG00000235531.12",410.646990577373,1.55358489682389,0.390657006390708,3.30436589168301e-06,0.000698641771659297
"ENSG00000178860.10",180.277861555532,1.44844091503787,0.511265975284408,0.000180283833852875,0.0134163196488605
"ENSG00000104321.12",218.684559279258,1.56570533498469,0.576743374576253,0.00023603142463666,0.0160524051331485
"ENSG00000137558.9",779.732476744794,3.26648513978056,0.711220140130258,1.81265578166976e-07,8.36892076504389e-05
"ENSG00000171033.14",565.581583137173,-1.2185499527974,0.385099505957291,7.20542751668847e-05,0.00676383347344578
"ENSG00000170323.10",1056.18217867602,-1.80383228485004,0.776170607357204,0.000573568433819065,0.0293571010821012
"ENSG00000164932.14",549.129922086501,1.80128799772554,0.464270113384714,4.48786992513883e-06,0.000861521451085554
"ENSG00000147676.15",2163.23308379418,-1.24258099206673,0.492230195949592,0.000447739589464421,0.0247658013018425
"ENSG00000286122.2",37.2819695549868,4.25540289432212,1.04648962543088,1.48502485843885e-06,0.000390647876423977
"ENSG00000249859.15",916.391873446943,1.70423989597029,0.399624051277763,9.23835599483993e-07,0.000278665770228352
"ENSG00000169436.19",79.3662781279382,2.35295419827181,0.800617802762342,0.00011932239499401,0.00974523661353605
"ENSG00000173253.17",132.415540815007,-1.39204454407128,0.582329879741783,0.000594836542940241,0.0302404204740159
"ENSG00000106688.13",1582.51395295597,-1.43918815806778,0.478218060709391,0.00010624917561349,0.00890250037001473
"ENSG00000107165.13",106.100576496323,-1.61329138350775,0.617575624251205,0.000318314651225591,0.0197836053699905
"ENSG00000270547.7",30.0851185106877,5.32957230252447,1.90581957473122,0.000303090369460847,0.0191531101349518
"ENSG00000172724.12",1077.83571118736,3.25650576187045,0.535190116013734,5.24325558763572e-11,9.88484759659024e-08
"ENSG00000137077.10",652.080752454422,1.12586169770323,0.448632074698183,0.000514854495513194,0.0270605187378147
"ENSG00000137101.14",303.280642508839,2.02634586903073,0.689462541292252,0.000116613612710876,0.00955851362448606
"ENSG00000137078.11",207.787692197935,1.52557201647313,0.592782639543781,0.000348452808487228,0.0207448628589647
"ENSG00000165072.11",1897.61718994021,-1.44370141714734,0.521882084292135,0.000213362428588485,0.0150370661120165
"ENSG00000197506.8",152.509729189328,2.89172553017482,0.577028412495145,2.03316399105334e-08,1.43738340529999e-05
"ENSG00000157303.12",187.483417079477,1.38236570700814,0.508004281828315,0.000258766647499995,0.0171673837724117
"ENSG00000148346.13",393.09805236786,3.1595701159229,0.556077745814252,5.81348132872255e-10,6.26278038569954e-07
"ENSG00000130635.18",7138.37472956261,1.12565350358738,0.352907419390554,7.28472659394115e-05,0.00681001527829466
"ENSG00000134460.19",354.426243757285,1.73685588808612,0.655802325808511,0.00027815117331698,0.0179788971255715
"ENSG00000225383.9",1063.45027022363,-1.51819129117394,0.481695695532898,6.51483736797366e-05,0.00636878253753258
"ENSG00000148488.17",1413.39109384727,-1.12445145846092,0.375813592463938,0.000130983679690417,0.0104708260976547
"ENSG00000078114.20",7630.80121535071,-1.44085818969304,0.399468972591994,1.26993426740853e-05,0.00190263065772073
"ENSG00000224215.2",64.7541993605982,-3.02546876952556,0.786401842344906,4.60869784156765e-06,0.000863931897026605
"ENSG00000107551.22",3932.58821363122,1.72060701186751,0.674071263724413,0.00038767281266296,0.0223232839289078
"ENSG00000263639.7",280.030573051042,4.9513134204097,2.15466974899381,0.000292507527193493,0.0186405571484462
"ENSG00000204175.7",2052.58314183635,-1.12460485025836,0.451471951837511,0.000527553737626845,0.0274996502450049
"ENSG00000150275.20",328.797343908927,-1.63817845705844,0.450362809805247,1.16149033423627e-05,0.00178750992050525
"ENSG00000182010.12",9748.4421635238,-1.50584677922141,0.349067390742593,7.56927890122581e-07,0.000248173618235408
"ENSG00000307521.1",52.1898923627209,-2.07065416071884,0.949589881321888,0.000810155256915145,0.0377122271135624
"ENSG00000138316.12",131.82515073027,1.63984236415773,0.565465631380361,0.000143832013884068,0.0112983043406225
"ENSG00000156113.25",1660.61705306587,2.5495492288729,0.53076142963581,6.63094341198162e-08,3.82279320163646e-05
"ENSG00000236467.8",83.9418147173539,3.0561391376498,0.805490992896696,4.65896173970056e-06,0.000863931897026605
"ENSG00000225652.2",99.4477646241227,3.55810425479603,0.681206382492572,6.21858549615702e-09,5.02439498855572e-06
"ENSG00000122852.16",155773.939883572,-1.48467829898408,0.685357216057284,0.000886753853797852,0.0402024698085547
"ENSG00000152766.7",443.293967437539,3.26318948806698,0.825017275966543,2.75557561702705e-06,0.000617221655287157
"ENSG00000152779.15",227.278271994376,-1.8703178679112,0.762730077742348,0.000423529020608118,0.0238345697343718
"ENSG00000095585.19",650.537292808436,1.31457197497565,0.422686575142521,8.30984594147583e-05,0.0075499455716469
"ENSG00000150594.7",351.94249633089,1.61498557387168,0.481527211912193,3.27231179027117e-05,0.00389710436418716
"ENSG00000043591.6",287.167682622295,-1.79284847340147,0.441181465766634,2.07465127676335e-06,0.000502378082945489
"ENSG00000285973.2",427.196850313502,-1.77868869735589,0.662176623878615,0.00023638930648659,0.0160524051331485
"ENSG00000148848.15",786.89532286219,1.92655491114748,0.419720847784075,2.01690229699989e-07,8.94674130686833e-05
"ENSG00000108001.17",79.6808909248193,2.22613436882324,1.19343268348739,0.00123455764899082,0.0494325622887067
"ENSG00000117983.17",4878.56875366327,5.07995608966654,1.50039105830413,1.79110460118449e-05,0.00244097345738535
"ENSG00000184545.12",198.289379255372,-1.34425535115226,0.572544541915961,0.000679701781508171,0.033283319054241
"ENSG00000134339.10",65.8115188637707,4.39900085586258,0.755840433082462,5.41734561786905e-10,6.12783049565258e-07
"ENSG00000169550.14",322.469014199819,-2.25390040084637,0.530965570669017,9.14138752600623e-07,0.000278665770228352
"ENSG00000134569.11",1432.80799088275,-1.71846013099709,0.601482157739924,0.000148950509905394,0.0115797504659441
"ENSG00000166961.16",591.28039914201,-2.31345497454076,0.414229497264665,1.07256870141537e-09,1.05498790139652e-06
"ENSG00000013725.15",861.332701176046,1.48526364123769,0.674647365388305,0.000884122623121756,0.0401861033147381
"ENSG00000124920.15",1328.51978662503,-1.19649428300927,0.508398836453683,0.000701436012572788,0.0338349401117999
"ENSG00000110195.15",1784.40394460953,-1.11873967806044,0.431041726759949,0.000405763428355188,0.0231025176503806
"ENSG00000171631.17",267.85468881258,1.4545773203361,0.662579141003596,0.000905423403634228,0.0406416540881292
"ENSG00000137474.24",502.390129905309,1.85917971138911,0.556398841320145,3.37077954686318e-05,0.00395114744500963
"ENSG00000137673.10",395.096732508762,2.36336764941431,0.46875183010828,2.20290947798847e-08,1.5101945794101e-05
"ENSG00000149968.12",41.3304125361845,4.01926447055224,0.928531253271466,8.71135305448896e-07,0.000270335795603047
"ENSG00000262406.3",448.807247442286,4.77179050261274,0.591368158075092,4.38108675228591e-17,1.6518887599494e-13
"ENSG00000137745.14",30.1959494528261,2.89103263890097,1.26516570176913,0.000723637390947633,0.0345945104199295
"ENSG00000254659.4",36.3368663841786,2.36369678485603,0.955527930601312,0.000395467195956558,0.0227072446043787
"ENSG00000182985.20",5787.27475933997,-1.18558673783487,0.383440218422847,9.24111841574265e-05,0.00816180483971325
"ENSG00000137648.21",118.955365703313,3.16649313358496,0.961447839666051,2.75455527294173e-05,0.00340526251036944
"ENSG00000167286.12",619.832479636708,1.4283639032472,0.623989481015653,0.000742010827396469,0.0350449080338002
"ENSG00000134917.11",1109.19958651878,-1.77549814854005,0.431916240663187,1.71349820365173e-06,0.000442480937650719
"ENSG00000197614.12",159.488423432189,2.97735889226226,0.52181502608104,4.91401103327428e-10,6.12783049565258e-07
"ENSG00000111215.13",159.793082787851,2.1528854335359,0.951894613853479,0.000634356570044682,0.0314715979914931
"ENSG00000230657.9",1401.51649198587,4.9019322470077,3.74715456436604,0.000962985249965926,0.0417054510021871
"ENSG00000013588.11",12585.0571887794,-1.22063906727037,0.386199601027355,7.18129103222979e-05,0.00676383347344578
"ENSG00000084453.18",574.513493938333,-1.93905619326984,0.627732197603271,7.09212269934025e-05,0.00674139041290649
"ENSG00000029153.16",460.644565381583,1.75938761825462,0.47256793894311,8.57576543267744e-06,0.0013857824384533
"ENSG00000173208.5",328.290862135456,1.82114154302031,0.597757492265537,8.52249134727715e-05,0.00768144708165144
"ENSG00000167588.14",596.984242471303,-1.87223139193785,0.777182622427492,0.000460107607137982,0.0252645980492296
"ENSG00000186081.12",151.855708522936,3.22370687083849,0.953648467613291,2.20025733898248e-05,0.00286071389539084
"ENSG00000135424.20",602.001353750496,1.15751756242009,0.523240155889463,0.00102037087048323,0.043147383556901
"ENSG00000185664.16",657.054585164115,3.71405709609267,0.834901416924176,3.28903713640846e-07,0.000130540152871875
"ENSG00000111087.11",155.475668221852,1.2732927873105,0.502537020439751,0.000446865726376202,0.0247658013018425
"ENSG00000111012.12",313.305791783863,3.71199441729381,0.748027518132027,2.62901704908114e-08,1.69932150575322e-05
"ENSG00000156076.11",2401.57589340047,-2.67777235123903,0.531263989322906,1.87907486556549e-08,1.3713003446351e-05
"ENSG00000251301.9",435.895444822162,2.35562054862437,0.962207685558385,0.000386905693173095,0.0223232839289078
"ENSG00000273824.1",72.2072582916848,2.23427928159253,0.850111926058379,0.00024209700138187,0.0162040250362782
"ENSG00000072657.10",351.249264156981,-1.12852374800893,0.504245781224518,0.000964149355706311,0.0417054510021871
"ENSG00000257894.3",199.901680648295,-1.38986021311652,0.485627864095063,0.000167595749740903,0.0125546975045975
"ENSG00000139304.16",886.612057227611,-1.01808698188504,0.391522196439726,0.000436279895997254,0.0243131373246032
"ENSG00000111052.9",788.408145911365,-1.07337226715567,0.466079776688152,0.000864003515021121,0.0394531264058337
"ENSG00000300902.1",88.9758982784607,-2.75692435485058,0.906228837752539,7.73966571223582e-05,0.00714671254726167
"ENSG00000111412.6",4054.95472739919,-1.06511932533057,0.426199047640424,0.000535454743227086,0.0277834693945559
"ENSG00000089250.20",283.816518178304,-1.65361615815919,0.466062194072958,1.60535590666486e-05,0.00225577432773162
"ENSG00000170890.14",250.244235304876,-1.65431166465315,0.779936184683017,0.000939423586107047,0.0414021660855325
"ENSG00000301157.1",72.6566806805948,-1.83423928462736,0.890601148355986,0.0010510535015263,0.0437900246133142
"ENSG00000165474.9",91.8035373546765,3.28828859021489,0.647834437062415,1.67063760092023e-08,1.25982781485395e-05
"ENSG00000102683.9",118.765981354888,-2.05646598623771,0.860970941436293,0.000469114547878666,0.0255114865785074
"ENSG00000132932.19",323.560488646579,-1.46018669163246,0.435880982705983,3.48870920341124e-05,0.00398730691678934
"ENSG00000180730.5",805.893001588842,-2.06769742809664,0.55463216290868,7.52487715192264e-06,0.00126100219116997
"ENSG00000285840.3",44.2757739683653,2.1972754810561,1.02981063859786,0.000848105422994439,0.0392025828451921
"ENSG00000133116.8",830.09493913451,-1.18680646564425,0.449402344128868,0.000343570591331594,0.0205787303148358
"ENSG00000180440.5",178.134348288253,-2.92154027259449,0.630848888970375,1.55530620785173e-07,7.3303525708812e-05
"ENSG00000133110.16",6694.03176332201,1.39823346141941,0.392784007729457,1.67018238673923e-05,0.00233237877377787
"ENSG00000102760.14",5300.90272265218,-1.46359556662422,0.532366361640133,0.000220325271118261,0.0152428703624111
"ENSG00000271216.3",46.9483439027462,4.51279140738786,1.28235157409217,2.3609377374286e-05,0.00300064575471051
"ENSG00000298544.1",30.3393675267644,-4.12295304830764,1.10172979266037,1.25317044682819e-05,0.00189003166790627
"ENSG00000080618.18",426.281790380132,-1.61932197990664,0.598047230572342,0.000236993471885762,0.0160524051331485
"ENSG00000136153.22",12639.1184977398,-1.36744905736614,0.399588888355518,2.83951157960121e-05,0.00347233894407125
"ENSG00000136155.18",3222.05982230263,-1.8609562347197,0.349287586761114,4.69806008386451e-09,3.93645234360247e-06
"ENSG00000136160.18",4594.96732109324,-1.90008474872456,0.334807745044245,6.50198240788575e-10,6.68610672789088e-07
"ENSG00000211789.2",53.3958466536736,2.1772702600381,0.890284437362311,0.000434679156863977,0.0243131373246032
"ENSG00000211883.1",26.2174172331759,3.14133841737091,1.21925872428923,0.000240738879183797,0.0162040250362782
"ENSG00000277734.8",940.638515512804,1.40642572105595,0.551373142443874,0.00040054907309174,0.0228976557943694
"ENSG00000168952.17",1154.38996816903,-1.42542646879947,0.388279001374183,1.0989633084106e-05,0.0017265171476509
"ENSG00000295095.1",50.4117142296083,-2.92185304569484,0.897156252211336,4.08752613535514e-05,0.0045108343297629
"ENSG00000286861.1",86.74255011051,-2.09209775143868,0.628804427573906,3.42159453538027e-05,0.00398713074211436
"ENSG00000289340.3",132.839844004602,-1.87269427776354,0.54764417704038,2.50267899015142e-05,0.00316302272593271
"ENSG00000211448.14",399.465626668865,3.22939028505443,0.537324934052933,8.45242344254316e-11,1.34605804007205e-07
"ENSG00000100628.13",256.670033742243,1.27369970630608,0.439416280633786,0.000164927221760781,0.0124371617929805
"ENSG00000214548.20",961.2252566323,1.13391297574712,0.412461113669707,0.000275010988620623,0.0179788971255715
"ENSG00000225746.15",305.290755815533,1.09500892288195,0.475780638716835,0.000864993621415971,0.0394531264058337
"ENSG00000211891.6",114.698236742329,4.28336833064068,1.00955557300213,9.50059172827227e-07,0.000281490367811594
"ENSG00000253755.1",3049.76533189617,2.3911293081212,0.704514579132245,2.53195505115851e-05,0.00318224550679772
"ENSG00000211896.7",55670.6687666242,2.48450463911356,0.622239896066169,2.97930715516247e-06,0.000660792801678829
"ENSG00000211897.9",16841.4456872595,2.42161857988637,0.646432631521303,8.26961181601557e-06,0.00135567701531681
"ENSG00000211933.2",111.646023782985,3.31580043531423,0.696359441941088,6.15689298360011e-08,3.66545763073646e-05
"ENSG00000211934.3",188.555924922285,2.7598993806431,0.87940300012832,5.1544647577465e-05,0.00534905762451831
"ENSG00000211938.2",806.254554428911,2.23564577736264,0.477870085440863,1.2501455974918e-07,6.14827040262108e-05
"ENSG00000211941.3",226.224595217502,2.17139297455001,0.569385340593188,5.36032996419428e-06,0.000962434482380691
"ENSG00000211943.2",368.420826355065,2.09797299990964,0.705045328552477,9.72518184470059e-05,0.00842960876906749
"ENSG00000211945.2",318.229724185182,2.38680192505803,0.618543388710374,4.21477887781844e-06,0.000829138630894666
"ENSG00000211947.2",545.787820628173,1.78835512231209,0.663888588085047,0.000237789511258715,0.0160582451140475
"ENSG00000211952.3",52.9948022047866,2.66284697613026,0.742171928996583,1.2504240247291e-05,0.00189003166790627
"ENSG00000270550.1",163.986640043318,1.82772465506704,0.627345281928633,0.000124354835904065,0.0100834388984146
"ENSG00000231475.3",137.115409697579,2.04441279353529,0.582199949382546,1.74539289017563e-05,0.00240768435088069
"ENSG00000232216.1",93.3433024447043,2.73006290599804,0.774095598422831,1.55883056582982e-05,0.00221795118809862
"ENSG00000211962.2",216.570067149154,2.42033894880936,0.852780274596229,0.000136113974221659,0.0108045839958477
"ENSG00000211964.3",331.976390031811,1.53782963329388,0.737390301088521,0.00106511837170548,0.0441321848408297
"ENSG00000211965.4",273.156458384049,2.34811727160627,0.627549580796159,6.81523560149065e-06,0.00115060503740689
"ENSG00000211966.2",932.495706285008,2.21801199199732,0.932758080756724,0.000487089286527071,0.0261123718699098
"ENSG00000254395.1",42.3119909132335,2.67719252606209,0.948528133720484,0.000184169581949088,0.0135715584769844
"ENSG00000224373.3",1594.33514785795,2.80989083628675,0.657601117041374,7.56837458586196e-07,0.000248173618235408
"ENSG00000211970.3",91.1881629273523,2.99022923243384,0.673141820917131,2.96408488278405e-07,0.00012192089509677
"ENSG00000223648.4",36.0756231296455,2.09448905412295,1.04648491761031,0.00103723815161417,0.0435351367420544
"ENSG00000211973.2",71.1451257905635,3.02845708448834,0.863002604420265,1.60144442490785e-05,0.00225577432773162
"ENSG00000280411.1",133.581257218106,2.11427667594052,0.595014374019227,1.49851290119816e-05,0.00217313188229526
"ENSG00000166923.13",375.259770368777,2.72101300810732,0.590085839139223,1.8550071559239e-07,8.39316537769327e-05
"ENSG00000168907.14",1015.15143526933,-1.64015571539097,0.512937849195942,5.37135078187785e-05,0.0054984646487974
"ENSG00000166920.14",195.005755319012,2.29717785932564,0.986346694049279,0.00053402085127778,0.0277727671688672
"ENSG00000263155.8",656.036742429146,-1.45339611506983,0.432901073376322,3.35753055070032e-05,0.00395114744500963
"ENSG00000137878.18",79.7429197388412,-1.96426962786116,0.730556144120575,0.00023228701266094,0.015924330567965
"ENSG00000074410.15",447.662466656413,1.62023982687776,0.569521272596349,0.000162272725268909,0.0124109601976973
"ENSG00000138615.7",605.255282731887,3.53624737844774,0.372458037215767,1.21142044306531e-22,6.85149117086664e-19
"ENSG00000103742.13",222.391754891556,1.94417489064062,0.437840746020272,4.05289755735455e-07,0.000155404578711919
"ENSG00000137834.16",2019.43371891281,-1.58939452700221,0.362240255551224,5.35577949038344e-07,0.000189318436579601
"ENSG00000137819.15",684.087425546763,-1.15164891203487,0.486920963263621,0.000724145112195767,0.0345945104199295
"ENSG00000175318.13",543.448282130613,-1.17396910041154,0.44344085795219,0.000341562693531617,0.0205787303148358
"ENSG00000261143.2",545.379382655665,-1.80215193833303,0.455437957774841,3.20468146846539e-06,0.00069711066212589
"ENSG00000259417.4",219.117675073514,-1.88767030245116,0.580091577738924,4.35074762976548e-05,0.00470942409704232
"ENSG00000304767.1",71.4964845929911,2.64582549103674,0.679588688640302,3.49330943271661e-06,0.000731751289780998
"ENSG00000140600.18",60.2304775401771,-1.76834986946117,0.738747018703836,0.000522009788760392,0.027336637618348
"ENSG00000157766.19",330.467935296256,3.50468158759488,0.791389129899537,4.00749171786511e-07,0.000155404578711919
"ENSG00000140511.13",703.948451459282,2.43021602226446,0.562630849368094,6.84644318835814e-07,0.000234677400379131
"ENSG00000261441.2",37.0977562619476,-2.49160829627584,0.97063298094625,0.000338472926168758,0.0205787303148358
"ENSG00000258647.7",75.7266545748072,-1.82595582806814,0.692381018737377,0.0002781425382509,0.0179788971255715
"ENSG00000259590.2",106.709599335466,1.55206169802409,0.67413598087246,0.000701319416398147,0.0338349401117999
"ENSG00000065054.15",1783.06837025723,-1.15211162222617,0.365449062391074,7.72101266708836e-05,0.00714671254726167
"ENSG00000162078.13",259.553396721385,3.62005966784112,0.977975679681961,6.79591249012966e-06,0.00115060503740689
"ENSG00000302384.1",227.22383271006,-2.65548080961777,0.65990308764914,2.25525602795968e-06,0.000537059548637176
"ENSG00000118898.17",3094.95062810949,-1.08919617333523,0.469063965907859,0.000762342549719418,0.0356332138477322
"ENSG00000213853.11",17644.5825409702,-1.71055846321248,0.375335458529365,2.41156121945294e-07,0.000102937263146573
"ENSG00000048462.11",102.636840387223,2.02870896421428,0.716084830927512,0.00015115272094308,0.0116707440474242
"ENSG00000134398.16",83.7457729811525,3.4579442722153,1.12308907858405,5.49845169217769e-05,0.00560321948793405
"ENSG00000177455.15",219.053835014825,1.92710206926495,0.836970092790522,0.000591721728247755,0.0302130703901895
"ENSG00000290677.2",136.936647118906,-1.50450724775349,0.575001712013145,0.000320848750097091,0.0198864692423191
"ENSG00000156886.12",102.836342782723,1.61155571109412,0.588238025504819,0.000219630986046091,0.0152414472310451
"ENSG00000205364.5",98.7024519480066,-2.21949080075516,0.859937930367884,0.000294633194633803,0.0187232774219116
"ENSG00000102934.11",918.29339530908,-1.18299956280135,0.368332494527075,6.28404536809007e-05,0.00620803311625772
"ENSG00000159618.17",197.598166518186,1.43362201318528,0.493177681676917,0.000145597468070916,0.0113581086902356
"ENSG00000103034.16",743.219886224106,-1.14963951301657,0.447375115429064,0.000423211714576648,0.0238345697343718
"ENSG00000159708.18",605.002068684677,-1.30477287398871,0.525397575726762,0.000483204210150027,0.0259878067544267
"ENSG00000159713.12",1137.53695746011,-1.08763631707274,0.505563844401768,0.00118485188915048,0.047890788331326
"ENSG00000140945.17",666.505137567663,-1.12889887356316,0.416808926069411,0.000299715454223273,0.0189928927756109
"ENSG00000268388.7",3167.68253018023,-1.50377291890058,0.506518332705986,0.000114955608199796,0.00949138950475908
"ENSG00000103241.7",1186.48229010907,-1.13154106057699,0.432704172074706,0.00038040520892219,0.0222374858952111
"ENSG00000083454.24",91.1725873249301,2.40326262599674,0.623361241771282,4.49363617681542e-06,0.000861521451085554
"ENSG00000185245.9",70.0069035763588,1.54805925519638,0.754591585629386,0.001128868248955,0.0462022802366404
"ENSG00000072818.13",1195.64308697079,1.10882920987995,0.424326138365087,0.000400807660105657,0.0228976557943694
"ENSG00000265185.6",664.698836870231,1.95655585102807,0.781332085808132,0.000379483482746641,0.0222374858952111
"ENSG00000275385.2",1491.32584925066,1.86979217721151,0.816727758025271,0.000653901307823334,0.032229214132652
"ENSG00000005102.15",71.4145629168452,1.90736227993973,0.833615460411611,0.000661369022664219,0.0325264160863753
"ENSG00000267121.8",311.633139261395,1.14305738171804,0.462270968004653,0.000562817785511821,0.0289377880946226
"ENSG00000005884.19",8580.46896710618,-1.07906758863106,0.457691884417229,0.000752045187493401,0.0352977557607121
"ENSG00000108821.15",27657.9557106395,2.75615390904986,0.479488341824564,5.30615829514019e-10,6.12783049565258e-07
"ENSG00000108924.14",1779.75098403575,-1.10419659608998,0.516555258633753,0.00119495541740116,0.0481022711883746
"ENSG00000289016.2",119.779344361473,-1.84048899677167,0.902216550217776,0.00102629132582391,0.0432361055197659
"ENSG00000166292.13",2644.28846413727,-1.64394679255549,0.660878186605329,0.000406436017541947,0.0231025176503806
"ENSG00000265206.7",202.516349529928,1.30035614349327,0.501437369502453,0.000376880861739315,0.0221459110003338
"ENSG00000167434.11",983.580115063367,-1.15413304351897,0.529829622490589,0.0010592274261542,0.0440494523196444
"ENSG00000121075.12",1315.17507507057,-1.21045816016419,0.371732060900299,5.31717500277236e-05,0.00546774773125996
"ENSG00000091583.12",143.945033800314,-1.69273258137755,0.80593261745603,0.000987132586489029,0.0424560846086337
"ENSG00000075461.7",169.718786531423,-1.83213459693051,0.649230431881037,0.000164213577645611,0.0124371617929805
"ENSG00000177303.11",2201.78510689693,-1.20413819120355,0.402890216138459,0.00012525377508058,0.0101200576915999
"ENSG00000053747.17",10240.2205696503,-1.13094107327227,0.505372261507045,0.000943472982372424,0.0414021660855325
"ENSG00000171885.19",14777.8033783809,-1.10518242269597,0.506886473759255,0.00108879726693048,0.0447039211792525
"ENSG00000166510.15",1502.85751333062,-1.20428038948229,0.398190306538104,0.000112186922997085,0.00929672072880238
"ENSG00000049759.21",8699.58655052316,-1.17123517304077,0.382483111843039,0.000101713271873335,0.00859859088777835
"ENSG00000183287.16",1148.28048294395,-1.54667648287392,0.461190254724115,3.28807717008384e-05,0.00389710436418716
"ENSG00000104918.8",135.13040953365,-4.08128598434309,0.939818811901594,5.2779704128494e-07,0.000189318436579601
"ENSG00000183019.10",505.630617425145,-2.86899083916668,0.737299674885785,3.75997099343122e-06,0.000759480569503522
"ENSG00000130164.17",4343.04997796554,-1.62970401556486,0.689115187646695,0.000547101781872728,0.028193812326439
"ENSG00000105639.21",1776.8304949092,1.65137415205032,0.560531669680604,0.000124292565974713,0.0100834388984146
"ENSG00000130518.19",1796.7726136541,-2.09326912686354,0.674829167667647,6.53121844453679e-05,0.00636878253753258
"ENSG00000160161.10",133.939233546698,3.82167899263977,0.910840883882166,9.58085060402809e-07,0.000281490367811594
"ENSG00000104814.14",471.825374901528,1.07340597538017,0.485913334775841,0.00108774527918478,0.0447039211792525
"ENSG00000105227.17",2502.45944061453,-1.68594229663517,0.402570384729511,1.25508930683052e-06,0.000342095004679841
"ENSG00000086548.10",4164.30886584481,-1.57400556307452,0.455834959031601,2.3056550317294e-05,0.00294693976174092
"ENSG00000104783.16",384.758586692241,1.78041426198785,0.432945758558102,1.72118297808705e-06,0.000442480937650719
"ENSG00000125740.15",13095.1302838449,-2.22625685218473,0.71096800787776,5.717213915121e-05,0.00577413082150814
"ENSG00000299344.1",953.612671199609,-1.51679668763523,0.582923513597312,0.000323504906392479,0.01999631556644
"ENSG00000174951.13",621.584213936008,-1.26282781825088,0.38789821803255,5.20301618594853e-05,0.00537478699427916
"ENSG00000104951.17",318.691806024628,3.15797379127164,0.5827628430082,2.46240951433387e-09,2.1425804016452e-06
"ENSG00000269404.7",291.810001432473,1.57189490873715,0.508836984027984,7.88376987761244e-05,0.00722083100976625
"ENSG00000167757.15",286.056178795196,-1.68088815413973,0.838982488570422,0.0011554706005107,0.0469303615715506
"ENSG00000142512.16",540.046062102214,2.01433382688207,0.697238332310299,0.000133435519455968,0.0106292667487759
"ENSG00000186818.14",1738.66200729297,2.86072410827767,0.580436713269026,3.53953142735347e-08,2.16418431029777e-05
"ENSG00000237914.5",56.3778511948866,2.67458153479975,0.958113824118783,0.000142614113225144,0.0112416692804615
"ENSG00000149488.14",131.519673051419,-1.51094767650261,0.656242644877742,0.000694416650738014,0.0336398027615548
"ENSG00000088882.9",429.554464831989,2.46591967397655,0.449525245363859,2.02152091536242e-09,1.9055361528435e-06
"ENSG00000125872.10",782.110710807355,-1.88561806837492,0.364535022587906,1.07692765792107e-08,8.40114979487871e-06
"ENSG00000125845.8",1402.79235270686,-2.00826963263462,0.532644000613263,6.4602256540633e-06,0.00111564645016698
"ENSG00000125798.16",629.410667030463,-1.18615536206788,0.520086381050408,0.000834954090345173,0.0387073081677845
"ENSG00000178726.7",3869.1176247309,-1.15171629212587,0.515871944896494,0.000941779252116774,0.0414021660855325
"ENSG00000149435.13",277.679204977565,-2.10861232974978,0.609200101823872,2.03896700373327e-05,0.00272944085949454
"ENSG00000274173.2",637.674034335324,-1.103368638531,0.468334296858052,0.000747494188705078,0.0352303354814062
"ENSG00000125968.11",4240.51956918435,-1.28599980261626,0.592320025351593,0.000947987536237716,0.0414021660855325
"ENSG00000198183.14",243.372110559677,6.11786279555902,2.75710757138428,0.00027110846127422,0.0178293218587404
"ENSG00000149633.13",340.592430841509,1.36750839835803,0.557143519930392,0.00050646515066713,0.026747939825157
"ENSG00000100985.8",2416.72369870546,4.91762001601764,0.508982941016151,2.15984245081101e-23,1.62873719215658e-19
"ENSG00000124171.10",1102.05836343959,-1.39252701989668,0.509943575899307,0.000241680048771164,0.0162040250362782
"ENSG00000019186.11",70.4766108335678,4.86012170445988,0.834811720341957,1.87572829288694e-10,2.65216257312383e-07
"ENSG00000101134.13",46.1856606882275,1.75117642246634,0.80850978794203,0.000903875902068989,0.0406416540881292
"ENSG00000124256.16",288.271087751262,1.31672234124485,0.461785749393227,0.000181293955260956,0.0134472562290774
"ENSG00000087495.18",173.919815766427,-1.47587558303747,0.625906174536444,0.000603981699913357,0.0306230729888121
"ENSG00000275708.1",120.128185213015,1.6012776626733,0.653642228232715,0.000488767993846639,0.0261398553221952
"ENSG00000277437.1",52.3348600891831,2.48597074172075,1.04478144351392,0.00045464823087106,0.0250255642992603
"ENSG00000154639.20",1509.6576816638,-1.49690692293341,0.544478330649746,0.000217500284410707,0.0152315759649703
"ENSG00000142185.19",958.948416201482,1.75430059381529,0.566335136199954,7.52959988085808e-05,0.00700996453105565
"ENSG00000227039.9",171.798839410114,1.62959717415015,0.593531477105419,0.000211734403686955,0.0149689606706562
"ENSG00000160307.11",149.943234771433,1.71569623708769,0.637675019607652,0.000259556471556202,0.0171694329123273
"ENSG00000269220.2",47.0105185619992,1.89235837018527,0.773187152424897,0.00047933274419725,0.0259424513683598
"ENSG00000211653.2",481.816098674526,2.15885910508481,0.772039554106158,0.000164557114258247,0.0124371617929805
"ENSG00000211659.2",391.550129890733,1.77137173087756,0.720993880407962,0.000435070849217135,0.0243131373246032
"ENSG00000211663.2",1107.63590093797,3.35009772233647,0.799361277942692,1.01762260809385e-06,0.000291413623581103
"ENSG00000211664.3",64.2143298893963,1.52903658097374,0.71985278753708,0.00100620716066942,0.042772345742594
"ENSG00000211673.2",1429.31790873559,2.25475272168369,0.64000345237261,1.72343653336107e-05,0.00239198188308144
"ENSG00000211677.2",11731.8090619717,1.73950530737646,0.827179199433919,0.000995769174062766,0.0425846616726313
"ENSG00000211685.3",445.356289669826,2.17882169290949,0.541406147740152,2.40487582685789e-06,0.000556658285032317
"ENSG00000099994.12",6380.68037425817,-1.09787031688204,0.484578193208656,0.000911872756513379,0.0407693623924944
"ENSG00000133454.16",36.6925717829516,3.93083596037986,1.04160653501519,1.07700190672747e-05,0.00170384714237032
"ENSG00000225783.10",778.710305021892,1.58181283317569,0.617390516877715,0.000360255773329093,0.0213352522513719
"ENSG00000183579.17",996.795312871786,-1.09597555492937,0.4485823382435,0.000608521812071549,0.030728993201997
"ENSG00000128268.13",999.22185086073,-1.14537058335427,0.436548598152924,0.000370793709356489,0.0219020002265584
"ENSG00000159307.21",734.713395168167,-1.36521012918016,0.373599289864731,1.20289345987733e-05,0.00183872018532465
"ENSG00000130487.10",84.3184561081456,2.04433251202431,0.699397185418306,0.000112111020830578,0.00929672072880238
"ENSG00000165195.16",2275.25809015149,-2.06101240977574,0.480986339204286,7.31440970901384e-07,0.00024697595648809
"ENSG00000165197.6",1277.87185257337,-1.67934336564225,0.423864662567026,3.25424589063299e-06,0.000698641771659297
"ENSG00000169891.19",1615.76341834537,-1.19330059707749,0.523403688576557,0.000827049206131059,0.0384195773928192
"ENSG00000189221.12",6483.32998117859,-1.37582221794902,0.375087505408045,1.13321063596173e-05,0.00176804304947326
"ENSG00000102265.13",4934.45915210855,1.30323935241649,0.618505295274695,0.00117614604222044,0.0476845016364748
"ENSG00000049768.19",69.4790314508848,1.69493237035164,0.756657405292824,0.000730860931116631,0.0347358547156545
"ENSG00000186810.8",168.62971457153,1.4419750662966,0.637412789493763,0.000750092486276558,0.0352792979564128
"ENSG00000147145.15",32.6742296835913,1.97870127259032,0.954920623437071,0.00102338180989926,0.0431939676965502
"ENSG00000078589.14",536.218718543698,1.08670905567532,0.474461555344532,0.000894557352014717,0.0403849786276754
"ENSG00000133135.15",577.015415712845,-1.69386982099112,0.522116110304331,4.60649707028651e-05,0.00489261893056769
"ENSG00000147257.17",1999.56126515693,-1.29405065162376,0.41047730065402,7.16606048064168e-05,0.00676383347344578
"ENSG00000292339.2",29.4083640008256,4.10406215919624,1.03391378944146,3.82203229846509e-06,0.000765184395470581
