ENSEMBL,SYMBOL,ENTREZID,baseMean,log2FoldChange,lfcSE,pvalue,padj,FC_score,P_score,TargetRankAI_score,Rank,HighPriority,Prediction_Probability
ENSG00000117215,PLA2G2D,26279,468.646811040042,4.17466567967448,0.627428695834076,1.15439689554637e-12,3.26449012099318e-09,0.6823732109037957,0.2767310995627953,0.4795521552332955,11,1,0.998233721232386
ENSG00000118785,SPP1,6696,1088.41127484888,5.88271812736866,0.480962095347292,9.54190373447262e-36,2.15866488184974e-31,0.9615642462003148,1.0,0.9807821231001574,1,1,0.9976842499406409
ENSG00000134028,ADAMDEC1,27299,1357.56772303395,5.07759947620922,0.630746778063742,3.25051501066302e-17,1.47072802172459e-13,0.8299629537123763,0.4184616560034223,0.6242123048578992,4,1,0.9965412770582281
ENSG00000012223,LTF,4057,4432.45800515217,4.39160888317312,0.360522091221046,2.32871172932416e-35,2.63412227262503e-31,0.7178338301998217,0.9971808769846257,0.8575073535922236,2,1,0.9910244784142664
ENSG00000100985,MMP9,4318,2416.72369870546,4.91762001601764,0.508982941016151,2.15984245081101e-23,1.62873719215658e-19,0.8038133871827526,0.6126740517102971,0.7082437194465249,3,1,0.9893299925204001
ENSG00000262406,MMP12,4321,448.807247442286,4.77179050261274,0.591368158075092,4.38108675228591e-17,1.6518887599493998e-13,0.7799767111607343,0.4168165527714899,0.5983966319661121,5,1,0.9867099117085765
ENSG00000138755,CXCL9,4283,6446.16007587532,3.65551229762922,0.779112871878776,1.09912314062264e-07,5.78266576983857e-05,0.5975145928873675,0.1381953142242643,0.3678549535558159,31,1,0.9517681701768104
ENSG00000133063,CHIT1,1118,7853.10907523476,4.43202301301311,0.690419227401385,6.0728259426248885e-12,1.24895946636366e-08,0.724439753083435,0.2577284091186375,0.4910840811010362,9,1,0.9076147767860817
ENSG00000154451,GBP5,115362,5297.61414460413,2.18372810590593,0.654411619894654,3.48975277162308e-05,0.0039873069167893,0.3569429683011372,0.078240880002981,0.2175919241520591,144,1,0.8971829508829632
ENSG00000088882,CPXM1,56265,429.554464831989,2.46591967397655,0.449525245363859,2.02152091536242e-09,1.9055361528435e-06,0.4030688095467866,0.1865263600316987,0.2947975847892427,64,0,0.8377685750600857
ENSG00000137673,MMP7,4316,395.096732508762,2.36336764941431,0.46875183010828,2.20290947798847e-08,1.5101945794101e-05,0.3863060889711171,0.1572098158312717,0.2717579524011944,78,1,0.7800943503792439
ENSG00000186818,LILRB4,11006,1738.66200729297,2.86072410827767,0.580436713269026,3.53953142735347e-08,2.16418431029777e-05,0.467601874032592,0.1521141958958151,0.3098580349642036,54,0,0.7354460157789677
ENSG00000138615,CILP,8483,605.255282731887,3.53624737844774,0.372458037215767,1.21142044306531e-22,6.85149117086664e-19,0.5780200531817608,0.5923278097001509,0.5851739314409559,6,0,0.690813947071737
ENSG00000115415,STAT1,6772,21915.0760737132,1.34772301397225,0.630731588429239,0.0010765036586647,0.0443601862841036,0.2202931087226355,0.0441210073414556,0.1322070580320455,394,1,0.6762172075051386
ENSG00000104918,RETN,56729,135.13040953365,-4.08128598434309,0.939818811901594,5.2779704128494e-07,0.0001893184365796,0.6671097605042255,0.1213992557552867,0.3942545081297561,20,1,0.6461401751505201
ENSG00000131203,IDO1,3620,1852.98074803584,1.79319404813121,0.820485202045629,0.0008491033724149,0.0392025828451921,0.2931079215167912,0.0458714477052993,0.1694896846110452,250,1,0.5981894914927737
ENSG00000243466,IGKV1-5,28299,1974.72407451595,3.68068195640791,0.613337666757036,8.9249306462807e-11,1.34605804007205e-07,0.6016287189506327,0.224058491980718,0.4128436054656754,18,0,0.5676953550841003
ENSG00000211897,IGHG3,3502,16841.4456872595,2.42161857988637,0.646432631521303,8.26961181601557e-06,0.0013556770153168,0.3958275399121785,0.0935192424609736,0.2446733911865761,107,0,0.5632512318025568
ENSG00000172724,CCL19,6363,1077.83571118736,3.25650576187045,0.535190116013734,5.2432555876357187e-11,9.88484759659024e-08,0.5322946706543272,0.2284312376465172,0.3803629541504222,26,0,0.548452570591877
ENSG00000133048,CHI3L1,1116,5005.81085815355,3.39835829457886,0.730052258461167,1.30918943733602e-07,6.3016580086921e-05,0.5554812862174257,0.1369781041430692,0.3462296951802474,40,0,0.5313580440170169
ENSG00000026751,SLAMF7,57823,2910.65350345144,3.05594568941365,0.641484125113594,8.12978273877649e-08,4.48585548534977e-05,0.4995119687273753,0.1417915928104865,0.3206517807689309,50,0,0.515153620934739
ENSG00000211448,DIO2,1734,399.465626668865,3.22939028505443,0.537324934052933,8.452423442543159e-11,1.34605804007205e-07,0.5278624893972216,0.224058491980718,0.3759604906889698,28,0,0.5138437226839553
ENSG00000180440,SERTM1,400120,178.134348288253,-2.92154027259449,0.630848888970375,1.55530620785173e-07,7.3303525708812e-05,0.4775426272578795,0.1348366305259817,0.3061896288919306,56,0,0.5013091033900362
ENSG00000211592,IGKC,3514,67081.7328411344,2.22706168333146,0.681447765080164,4.24877995468449e-05,0.0046434854548225,0.3640260917502256,0.076083284520789,0.2200546881355073,138,0,0.4793659210187295
ENSG00000108821,COL1A1,1277,27657.9557106395,2.75615390904986,0.479488341824564,5.30615829514019e-10,6.12783049565258e-07,0.4505092711543911,0.2025934514456573,0.3265513613000242,49,0,0.4783565172765452
ENSG00000156113,KCNMA1,3778,1660.61705306587,2.5495492288729,0.53076142963581,6.63094341198162e-08,3.82279320163646e-05,0.4167385431925063,0.1440568016078722,0.2803976724001893,74,0,0.4562663584233008
ENSG00000047457,CP,1356,1979.02361294114,2.49202681674899,0.564096442666841,4.31211668597881e-07,0.0001625883596448,0.4073361727820966,0.1235548632402998,0.2654455180111982,84,0,0.4222900607423685
ENSG00000168542,COL3A1,1281,60653.4156204064,2.43485734770763,0.321736677773269,2.19625208986513e-15,7.0979730041455485e-12,0.3979914929565112,0.3635600664457227,0.380775779701117,25,0,0.4152166840013816
ENSG00000185664,PMEL,6490,657.054585164115,3.71405709609267,0.834901416924176,3.28903713640846e-07,0.0001305401528718,0.6070840782484888,0.126664036540742,0.3668740573946154,32,0,0.37398647534158946
ENSG00000142583,SLC2A5,6518,238.469067577156,3.88627973408928,0.593583100312164,3.38565881852056e-12,7.65937594513905e-09,0.6352348628855072,0.2646532196637639,0.4499440412746355,15,0,0.36968809523809504
ENSG00000148346,LCN2,3934,393.09805236786,3.1595701159229,0.556077745814252,5.81348132872255e-10,6.26278038569954e-07,0.5164499795936,0.2022849502949061,0.3593674649442531,34,0,0.3694538389713274
ENSG00000145423,SFRP2,6423,1923.23560872939,2.72393220795591,0.678363939036449,2.4050503405301e-06,0.0005566582850323,0.4452424480544452,0.1061250564099714,0.2756837522322083,77,0,0.3439577145748414
ENSG00000137558,PI15,51050,779.732476744794,3.26648513978056,0.711220140130258,1.81265578166976e-07,8.36892076504389e-05,0.533925857597152,0.1329601242949316,0.3334429909460418,45,0,0.33904187454668916
ENSG00000137573,SULF1,23213,2694.7285825088,1.95483266991659,0.336547257203147,3.15952970376221e-10,4.20459061695367e-07,0.3195286875893344,0.2079278287649655,0.2637282581771499,87,0,0.3338475863952226
ENSG00000211896,IGHG1,3500,55670.6687666242,2.48450463911356,0.622239896066169,2.97930715516247e-06,0.0006607928016788,0.4061066294126556,0.1036964033108779,0.2549015163617668,97,0,0.3214035791342766
ENSG00000164619,BMPER,168667,512.190643231368,-2.26445359434373,0.37353517944675,6.32661731476424e-11,1.10097741163009e-07,0.3701380155154027,0.2269048333641074,0.2985214244397551,61,0,0.309863828175089
ENSG00000211677,IGLC2,3538,11731.8090619717,1.73950530737646,0.827179199433919,0.0009957691740627,0.0425846616726313,0.2843321868282455,0.0446995068909735,0.1645158468596095,266,0,0.30659185850741916
ENSG00000117983,MUC5B,727897,4878.56875366327,5.07995608966654,1.50039105830413,1.79110460118449e-05,0.0024409734573853,0.8303481557896493,0.0851905277018685,0.4577693417457589,14,0,0.3045073794254664
ENSG00000211598,IGKV4-1,28908,2875.11207367791,2.55199607921849,0.600198304455501,8.72320783230447e-07,0.000270335795603,0.4171384950102172,0.1163542032449724,0.2667463491275949,82,0,0.2826824936153722
ENSG00000186340,THBS2,7058,2196.10769949224,1.7135724477547,0.340951925442182,2.50126057499914e-08,1.66429464671193e-05,0.2800933111802685,0.1558337783948903,0.2179635447875794,142,0,0.277270210131661
ENSG00000143387,CTSK,1513,2666.88694009282,1.9631179452683,0.411736130502713,8.79762818674922e-08,4.73877958259113e-05,0.320882963686818,0.1410147919862241,0.2309488778365211,122,0,0.2717243740110236
ENSG00000241351,IGKV3-11,28914,1718.38293543606,2.19656828992322,0.577383013849191,5.83283305224586e-06,0.0010229161406275,0.3590417705211888,0.0975079250512198,0.2282748477862043,127,0,0.2682084393527823
ENSG00000079215,SLC1A3,6507,3113.50446653479,2.52141062777982,0.618475804764749,1.86530272795491e-06,0.0004651034666284,0.4121391263645405,0.1086698803886778,0.2604045033766092,90,0,0.25141185309714714
ENSG00000224373,IGHV4-59,28392,1594.33514785795,2.80989083628675,0.657601117041374,7.56837458586196e-07,0.0002481736182354,0.4592928822016833,0.1175655828511491,0.2884292325264162,68,0,0.24755519441400323
ENSG00000111012,CYP27B1,1594,313.305791783863,3.71199441729381,0.748027518132027,2.62901704908114e-08,1.69932150575322e-05,0.6067469214883932,0.1555388135465562,0.3811428675174747,24,0,0.24636000167117855
ENSG00000211938,IGHV3-7,28452,806.254554428911,2.23564577736264,0.477870085440863,1.2501455974918e-07,6.14827040262108e-05,0.3654292114863223,0.1373270878806288,0.2513781496834755,99,0,0.24300997887778186
ENSG00000237988,OR2I1P,442197,775.081714153973,2.88680206085807,0.687151991619243,1.00327536338425e-06,0.0002909884428954,0.4718644659624617,0.115311603018339,0.2935880344904004,65,0,0.24148182047609984
ENSG00000196549,MME,4311,3371.11041168014,-3.14836477195795,0.481844028763738,2.7915379494275297e-12,7.0169958922109915e-09,0.5146184014200776,0.2658937594802596,0.3902560804501686,21,0,0.22007209690893897
ENSG00000104951,IL4I1,259307,318.691806024628,3.15797379127164,0.5827628430082,2.46240951433387e-09,2.1425804016452e-06,0.5161890511117747,0.1848658812349654,0.35052746617337,36,0,0.20765726004658883
ENSG00000166961,MS4A15,219995,591.28039914201,-2.31345497454076,0.414229497264665,1.07256870141537e-09,1.05498790139652e-06,0.3781475740548,0.1948995180767162,0.2865235460657581,69,0,0.20694281410144322
ENSG00000162692,VCAM1,7412,2212.55158076466,1.64318939728718,0.339977084063666,6.7591269091393e-08,3.82279320163646e-05,0.2685887951720619,0.1440568016078722,0.2063227983899671,161,0,0.20540112345683356
ENSG00000169245,CXCL10,3627,1193.59407276151,2.65126732058504,0.66148530285811,2.4359797647615e-06,0.0005566582850323,0.4333649526284906,0.1061250564099714,0.269745004519231,80,1,0.19271402462083095
ENSG00000213853,EMP2,2013,17644.5825409702,-1.71055846321248,0.375335458529365,2.41156121945294e-07,0.0001029372631465,0.279600658003344,0.1300284180347996,0.2048145380190718,164,0,0.18963402368080035
ENSG00000275385,CCL18,6362,1491.32584925066,1.86979217721151,0.816727758025271,0.0006539013078233,0.032229214132652,0.3056283280116709,0.0486453823278633,0.1771368551697671,227,0,0.1873380285747389
ENSG00000091986,CCDC80,151887,11049.8505618367,1.43487374470898,0.597055121770757,0.0006050706637492,0.0306230729888121,0.234538398891613,0.0493693463450931,0.141953872618353,352,0,0.17585233887014942
ENSG00000164692,COL1A2,1278,45060.4272278848,1.17641434866445,0.432744465368747,0.000291962665977,0.0186405571484462,0.1922917181991092,0.0563996464435396,0.1243456823213244,419,0,0.17561031746031744
ENSG00000152766,ANKRD22,118932,443.293967437539,3.26318948806698,0.825017275966543,2.75557561702705e-06,0.0006172216552871,0.5333871642946523,0.1046624349868671,0.3190247996407597,52,0,0.1754793492634753
ENSG00000244437,IGKV3-15,28913,786.445125352802,2.50028409269109,0.549574642773613,2.36915016094738e-07,0.0001029372631465,0.408685872214404,0.1300284180347996,0.2693571451246018,81,0,0.17118098352397412
ENSG00000103742,IGDCC4,57722,222.391754891556,1.94417489064062,0.437840746020272,4.05289755735455e-07,0.0001554045787119,0.3177866120260009,0.1241948475120021,0.2209907297690015,137,0,0.1676426170913488
ENSG00000211663,IGLV3-19,28797,1107.63590093797,3.35009772233647,0.799361277942692,1.01762260809385e-06,0.0002914136235811,0.5475928170158243,0.1152909249247455,0.3314418709702849,47,0,0.16291444945950914
ENSG00000130226,DPP6,1804,79.7509507314342,-3.55555910603357,0.827262297432142,7.84003242063302e-07,0.0002533786477885,0.581176666566397,0.1172716268075912,0.3492241466869941,37,0,0.16030169491525426
ENSG00000198203,SULT1C2,6819,473.554146382277,2.37482665384937,0.670148003950977,1.49765382895172e-05,0.0021731318822952,0.3881791294131776,0.0868365616962073,0.2375078455546925,116,0,0.1570830021735525
ENSG00000133110,POSTN,10631,6694.03176332201,1.39823346141941,0.392784007729457,1.67018238673923e-05,0.0023323787737778,0.2285493330177971,0.0858350231040305,0.1571921780609138,301,0,0.15097226083755647
ENSG00000197614,MFAP5,8076,159.488423432189,2.97735889226226,0.52181502608104,4.91401103327428e-10,6.12783049565258e-07,0.4866665029532104,0.2025934514456573,0.3446299771994339,41,0,0.14629869399737883
ENSG00000173376,NDNF,79625,13968.7683154095,-1.05684140079859,0.383812874719122,0.0002732344211122,0.0179170501704984,0.1727468294264061,0.0569602830743531,0.1148535562503796,462,0,0.14562969467280448
ENSG00000230657,PRB4,5545,1401.51649198587,4.9019322470077,3.74715456436604,0.0009629852499659,0.0417054510021871,0.8012491307529863,0.0449949622460849,0.4231220464995356,17,0,0.14425143240609462
ENSG00000158764,ITLN2,142683,407.958432828882,-1.98252786706769,0.442489798324761,3.21506135968427e-07,0.0001298827377502,0.3240556274826586,0.1267355390454991,0.2253955832640788,132,0,0.14249475051865468
ENSG00000204262,COL5A2,1290,7796.04132126977,1.24153618346602,0.369909942441538,3.8484032909912e-05,0.0043314640622932,0.2029362581271446,0.0770684001708499,0.1400023291489972,366,0,0.13891840226095303
ENSG00000166923,GREM1,26585,375.259770368777,2.72101300810732,0.590085839139223,1.8550071559239e-07,8.39316537769327e-05,0.444765287983005,0.1329191560571652,0.2888422220200851,67,0,0.1345511574809934
ENSG00000105639,JAK3,3718,1776.8304949092,1.65137415205032,0.560531669680604,0.0001242925659747,0.0100834388984146,0.2699266405989128,0.0651015257133223,0.1675140831561176,257,0,0.13346836440249615
ENSG00000197506,SLC28A3,64078,152.509729189328,2.89172553017482,0.577028412495145,2.03316399105334e-08,1.43738340529999e-05,0.4726692354516245,0.1579096270275161,0.3152894312395703,53,0,0.12396992582068406
ENSG00000244575,IGKV1-27,28935,314.519857491974,2.86026365413566,0.610811859806789,1.17624721096787e-07,5.97371463220517e-05,0.4675266101443034,0.1377349846694473,0.3026307974068754,58,0,0.12111608002035044
ENSG00000138821,SLC39A8,64116,12645.4516010908,-1.35046272670834,0.469675145736726,0.0001753621659478,0.0130931296377523,0.2207409305891341,0.0614024621865356,0.1410716963878349,359,0,0.11998727043038024
ENSG00000211947,IGHV3-21,28444,545.787820628173,1.78835512231209,0.663888588085047,0.0002377895112587,0.0160582451140475,0.2923169711504912,0.0585114705254711,0.1754142208379812,232,0,0.11892892619426852
ENSG00000122852,SFTPA1,653509,155773.939883572,-1.48467829898408,0.685357216057284,0.0008867538537978,0.0402024698085547,0.2426792408717981,0.045514762149304,0.1440970015105511,347,0,0.11716190476190474
ENSG00000148848,ADAM12,8038,786.89532286219,1.92655491114748,0.419720847784075,2.01690229699989e-07,8.94674130686833e-05,0.3149065246356903,0.1320145950753479,0.2234605598555191,134,0,0.11673913896225242
ENSG00000251546,IGKV1D-39,28893,395.662163286944,2.30350080376315,0.771211837326015,9.27043509003318e-05,0.0081618048397132,0.3765205073633344,0.0680958197081048,0.2223081635357196,135,0,0.11470095759772435
ENSG00000204305,AGER,177,11925.3644055216,-1.7799425455771,0.326365725548699,2.3974834810114703e-09,2.1425804016452e-06,0.2909418869068406,0.1848658812349654,0.237903884070903,115,0,0.1144283772288828
ENSG00000178199,ZC3H12D,340152,426.15912958607,1.84608411394304,0.617396430278704,9.89085479525219e-05,0.0084757881830678,0.3017531081741681,0.0675612215260039,0.184657164850086,205,0,0.11361405182360784
ENSG00000107551,RASSF4,83937,3932.58821363122,1.72060701186751,0.674071263724413,0.0003876728126629,0.0223232839289078,0.2812431513038352,0.0538463409212772,0.1675447461125562,256,0,0.10897012048213903
ENSG00000019186,CYP24A1,1591,70.4766108335678,4.86012170445988,0.834811720341957,1.87572829288694e-10,2.65216257312383e-07,0.7944149561490429,0.214453778790932,0.5044343674699875,8,0,0.10802850678733031
ENSG00000211625,IGKV3D-20,28874,417.821306698937,2.57691599800935,0.873527912492193,9.79136774357776e-05,0.0084545844451511,0.4212117996304106,0.0675966951809002,0.2444042474056554,108,0,0.10775171371237455
ENSG00000114854,TNNC1,7134,742.414050578182,-2.04971932147317,0.412935121540941,3.20405026701642e-08,2.0134785886309e-05,0.3350384586854528,0.1531364165269847,0.2440874376062188,109,0,0.10759362607350229
ENSG00000137834,SMAD6,4091,2019.43371891281,-1.58939452700221,0.362240255551224,5.35577949038344e-07,0.0001893184365796,0.2597957129989835,0.1213992557552867,0.1905974843771351,195,0,0.10476312272270533
ENSG00000069122,ADGRF5,221395,16362.9110446719,-1.0850340396332,0.406221400206571,0.0003415712227555,0.0205787303148358,0.1773550790352523,0.0549987481724165,0.1161769136038344,457,0,0.10267951034938178
ENSG00000004468,CD38,952,869.887403347021,2.30848880075182,0.547576398788795,1.0801705369786e-06,0.0003054587257258,0.3773358242730714,0.1146242971284947,0.2459800607007831,105,0,0.09973487724084229
ENSG00000140511,HAPLN3,145864,703.948451459282,2.43021602226446,0.562630849368094,6.84644318835814e-07,0.0002346774003791,0.3972328415126542,0.1183574856260909,0.2577951635693726,93,0,0.09833785805417003
ENSG00000114270,COL7A1,1294,490.866579699633,1.98312316842839,0.609538879606817,4.33780209505919e-05,0.0047094240970423,0.3241529329274835,0.0758835927078134,0.2000182628176485,177,0,0.09795948820234678
ENSG00000239951,IGKV3-20,28912,3640.83268593149,1.70441833354873,0.695510379639825,0.0004621160046449,0.0252886601502823,0.2785970183551637,0.0520799526026861,0.1653384854789249,265,0,0.09769154905356761
ENSG00000013588,GPRC5A,9052,12585.0571887794,-1.22063906727037,0.386199601027355,7.18129103222979e-05,0.0067638334734457,0.1995205038198039,0.0707565446848942,0.135138524252349,382,0,0.09762841017037581
ENSG00000021852,C8B,732,169.001038945459,-3.40645184025273,0.854706090547719,2.5302683656976e-06,0.0005724226123717,0.5568042229919714,0.1057295637697034,0.3312668933808374,48,0,0.09536089404945337
ENSG00000171885,AQP4,361,14777.8033783809,-1.10518242269597,0.506886473759255,0.0010887972669304,0.0447039211792525,0.1806484485886519,0.0440116915614516,0.1123300700750517,472,0,0.09372130071327973
ENSG00000105974,CAV1,857,20198.1006652584,-1.41889767776991,0.434066933913886,4.68579708602255e-05,0.0049535881998639,0.2319270185006262,0.0751677435245353,0.1535473810125808,317,0,0.09204824816662034
ENSG00000125872,LRRN4,164312,782.110710807355,-1.88561806837492,0.364535022587906,1.07692765792107e-08,8.40114979487871e-06,0.3082151613049735,0.1655152915088557,0.2368652264069146,117,0,0.09140400361712193
ENSG00000164932,CTHRC1,115908,549.129922086501,1.80128799772554,0.464270113384714,4.48786992513883e-06,0.0008615214510855,0.2944309243144684,0.0999397513865436,0.197185337850506,184,0,0.08945053782127767
ENSG00000158714,SLAMF8,56833,775.150125599413,1.81626841266336,0.692946076598751,0.0002922519433946,0.0186405571484462,0.2968795596367077,0.0563996464435396,0.1766396030401237,228,0,0.08435369826938384
ENSG00000136160,EDNRB,1910,4594.96732109324,-1.90008474872456,0.334807745044245,6.50198240788575e-10,6.68610672789088e-07,0.3105798237423433,0.2013586379741331,0.2559692308582382,95,0,0.08273725533272658
ENSG00000197993,KEL,3792,53.1897386618393,3.73096821457359,0.804245769407175,1.18824717521652e-07,5.97371463220517e-05,0.6098482982132116,0.1377349846694473,0.3737916414413295,29,0,0.0820003261106709
ENSG00000156076,WIF1,11197,2401.57589340047,-2.67777235123903,0.531263989322906,1.87907486556549e-08,1.3713003446351e-05,0.4376973529355439,0.1585761686336018,0.2981367607845729,62,0,0.07762919207044933
ENSG00000291127,ANKRD36BP2,645784,756.516569714751,1.83639455784347,0.792562690288902,0.0006100397774312,0.0307370376054064,0.3001692942797795,0.04931673926489,0.1747430167723347,234,0,0.07639842975192607
ENSG00000116016,EPAS1,2034,46484.4871102344,-1.1649721318687,0.429422930241215,0.0003304490880689,0.0202048852853712,0.1904214217936299,0.0552583919082237,0.1228399068509268,425,0,0.07617857142857143
ENSG00000168484,SFTPC,6440,177211.514257237,-1.52149091533988,0.625081256528058,0.0004806229016649,0.0259501954758144,0.2486964755803833,0.0517142420014626,0.150205358790923,328,0,0.0745452380952381
ENSG00000164161,HHIP,64399,3573.66926581713,-2.05664623827745,0.467900654979008,4.67086652796246e-07,0.0001732278909214,0.336170703234858,0.1226571741186769,0.2294139386767674,125,0,0.07397178073136337
ENSG00000227507,LTB,4050,547.732876755905,2.0830315128126,0.532344593026055,3.62777594868065e-06,0.0007461015935182,0.3404835287127852,0.1019768121447897,0.2212301704287874,136,0,0.07327960281156047
ENSG00000064042,LIMCH1,22998,18406.0456537363,-1.41998142293818,0.377506283404168,7.66345843993763e-06,0.0012747825021081,0.2321041629061949,0.0943905755552112,0.1632473692307031,271,0,0.07223589500254303
ENSG00000125740,FOSB,2354,13095.1302838449,-2.22625685218473,0.71096800787776,5.717213915121e-05,0.0057741308215081,0.3638945374519968,0.0729970293395183,0.2184457833957576,140,0,0.07177781804219747
ENSG00000134339,SAA2,6289,65.8115188637707,4.39900085586258,0.755840433082462,5.41734561786905e-10,6.12783049565258e-07,0.7190420908190082,0.2025934514456573,0.4608177711323327,13,0,0.07102850678733032
ENSG00000130635,COL5A1,1289,7138.37472956261,1.12565350358738,0.352907419390554,7.28472659394115e-05,0.0068100152782946,0.1839945649654804,0.0706601774560324,0.1273273712107564,412,0,0.06967850051481397
ENSG00000137474,MYO7A,4647,502.390129905309,1.85917971138911,0.556398841320145,3.37077954686318e-05,0.0039511474450096,0.3038936591939746,0.078369897593725,0.1911317783938498,194,0,0.06886501240415845
ENSG00000042980,ADAM28,10863,1816.62211648901,1.52584607565892,0.551265339749759,0.0002169440093564,0.0152315759649703,0.2494083516823125,0.0592599665984948,0.1543341591404037,314,0,0.06873228251961418
ENSG00000197822,OCLN,100506658,1874.82774650543,-1.27740843174039,0.365852106129387,2.27099919949335e-05,0.0029191372096669,0.2087997842429002,0.082657040416994,0.1457284123299471,343,0,0.06737699920866198
ENSG00000157766,ACAN,176,330.467935296256,3.50468158759488,0.791389129899537,4.00749171786511e-07,0.0001554045787119,0.5728604423981103,0.1241948475120021,0.3485276449550562,39,0,0.06736317661199749
ENSG00000105971,CAV2,858,6011.20529258313,-1.40428798315297,0.418451703648517,3.43672587504884e-05,0.0039871307421143,0.2295389795554663,0.0782415057563704,0.1538902426559183,315,0,0.06730615333703202
ENSG00000211445,GPX3,2878,10025.8138180197,-1.04419929904121,0.34727912042344,0.0001309628773755,0.0104708260976547,0.1706804048955132,0.0645676323241636,0.1176240186098384,448,0,0.0653337846408075
ENSG00000136155,SCEL,8796,3222.05982230263,-1.8609562347197,0.349287586761114,4.6980600838645115e-09,3.93645234360247e-06,0.3041840421904485,0.1762514722608732,0.2402177572256608,112,0,0.06408376343194702
ENSG00000242076,IGKV1-33,28933,557.092041490595,1.90410088611474,0.592862132209665,4.95458472570409e-05,0.005165325817954,0.3112362845889473,0.0745749720255996,0.1929056283072734,192,0,0.06331121126179799
ENSG00000211970,IGHV4-61,28391,91.1881629273523,2.99022923243384,0.673141820917131,2.96408488278405e-07,0.0001219208950967,0.4887702343708098,0.1276314321484322,0.308200833259621,55,0,0.06072944706466314
ENSG00000136153,LMO7,4008,12639.1184977398,-1.36744905736614,0.399588888355518,2.83951157960121e-05,0.0034723389440712,0.223517444418462,0.0801993329365463,0.1518583886775041,324,0,0.060152589566969
ENSG00000169248,CXCL11,6373,231.686520602018,2.62490361099815,0.687170374249042,5.2024537848435e-06,0.0009415608957961,0.4290556520658779,0.0986815973719881,0.263868624718933,86,1,0.05965104281733009
ENSG00000049759,NEDD4L,23327,8699.58655052316,-1.17123517304077,0.382483111843039,0.0001017132718733,0.0085985908877783,0.1914451520375668,0.0673575031053812,0.129401327571474,406,0,0.05872211052798921
ENSG00000096088,PGC,5225,5572.69959636254,-1.4209070390202,0.468640228830729,0.0001018370503036,0.0085985908877783,0.2322554601995392,0.0673575031053812,0.1498064816524602,330,0,0.057158385305842926
ENSG00000142512,SIGLEC10,89790,540.046062102214,2.01433382688207,0.697238332310299,0.0001334355194559,0.0106292667487759,0.3292544952698649,0.0643549407851474,0.1968047180275061,185,0,0.05637004083459681
ENSG00000149633,KIAA1755,85449,340.592430841509,1.36750839835803,0.557143519930392,0.0005064651506671,0.026747939825157,0.2235271440462361,0.0512854353979594,0.1374062897220977,375,0,0.05537515051997811
ENSG00000013725,CD6,923,861.332701176046,1.48526364123769,0.674647365388305,0.0008841226231217,0.0401861033147381,0.2427749184430629,0.0455205287666694,0.1441477236048662,346,0,0.05493186291959112
ENSG00000211685,IGLC7,28834,445.356289669826,2.17882169290949,0.541406147740152,2.40487582685789e-06,0.0005566582850323,0.3561409867660165,0.1061250564099714,0.2311330215879939,121,0,0.05449228348980007
ENSG00000066405,CLDN18,51208,13751.6927076738,-1.20739527090703,0.349309563736117,2.66425032607413e-05,0.0033117217102623,0.1973557288312321,0.0808700562230027,0.1391128925271174,370,0,0.05413869118464958
ENSG00000066294,CD84,8832,3729.9728134863,1.3562692641838,0.605203734203367,0.0009355825381752,0.0414021660855325,0.2216900426678939,0.0450983268175775,0.1333941847427357,391,0,0.05409684795583509
ENSG00000170476,MZB1,51237,750.928526542027,2.00761014696938,0.736277848885152,0.0002098908239083,0.0149319500291803,0.3281554709639307,0.0595413324450479,0.1938484017044893,190,0,0.05232910123691927
ENSG00000165474,GJB2,2706,91.8035373546765,3.28828859021489,0.647834437062415,1.67063760092023e-08,1.25982781485395e-05,0.5374897574692049,0.1597768995721033,0.3486333285206541,38,0,0.05219438555999355
ENSG00000118322,ATP10B,23120,101.954133439338,2.36722851583946,0.712365843655521,2.89551294323248e-05,0.0035217843717606,0.3869371698819137,0.0799990887637838,0.2334681293228487,119,0,0.051610065168013766
ENSG00000236467,KCNMA1-AS1,101929328,83.9418147173539,3.0561391376498,0.805490992896696,4.65896173970056e-06,0.0008639318970266,0.4995435889585923,0.0999001824611599,0.2997218857098762,59,0,0.05141470141127077
ENSG00000196352,CD55,1604,10796.3857587899,-1.55314463248107,0.502947851983393,7.8035265326042e-05,0.0071763894612644,0.2538704584235697,0.0699180509654864,0.161894254694528,276,0,0.05129635295223163
ENSG00000177606,JUN,3725,13728.0386440241,-1.19661961236179,0.536038314245212,0.0009098838896454,0.0407609965058396,0.1955943852206723,0.0453193635115091,0.1204568743660907,433,0,0.05077391304347825
ENSG00000104783,KCNN4,3783,384.758586692241,1.78041426198785,0.432945758558102,1.72118297808705e-06,0.0004424809376507,0.2910189916779859,0.1093760416602202,0.200197516669103,176,0,0.0498368742952612
ENSG00000188820,CALHM6,441168,199.222673473338,2.85839677570721,0.76740555409014,6.7380888614045e-06,0.0011506050374068,0.4672214580853515,0.0958420231332651,0.2815317406093083,73,0,0.04938767059894584
ENSG00000153012,LGI2,55203,168.635284161411,2.08379468867229,0.55704815708854,7.75613363535171e-06,0.0012807811038873,0.3406082742138193,0.094324090515308,0.2174661823645636,145,0,0.04930495369552941
ENSG00000182985,CADM1,23705,5787.27475933997,-1.18558673783487,0.383440218422847,9.24111841574265e-05,0.0081618048397132,0.1937909981726775,0.0680958197081048,0.1309434089403912,397,0,0.048961894077772745
ENSG00000211933,IGHV6-1,28385,111.646023782985,3.31580043531423,0.696359441941088,6.15689298360011e-08,3.66545763073646e-05,0.5419867274109484,0.1446520116585529,0.3433193695347507,43,0,0.04852319173833533
ENSG00000173578,XCR1,2829,170.35752303853,2.05731584630119,0.621490366338673,3.29022204641183e-05,0.0038971043641871,0.336280154532822,0.0785649421498469,0.2074225483413345,158,0,0.04826914407607596
ENSG00000211965,IGHV3-49,28423,273.156458384049,2.34811727160627,0.627549580796159,6.81523560149065e-06,0.0011506050374068,0.3838133266589073,0.0958420231332651,0.2398276748960862,113,0,0.04796476793812367
ENSG00000112782,CLIC5,53405,6444.03885869926,-1.48033215343517,0.351092608205295,1.19729779741029e-06,0.0003344008403804,0.2419688382861003,0.1133422563677629,0.1776555473269316,226,0,0.04698326793996486
ENSG00000211653,IGLV1-40,28825,481.816098674526,2.15885910508481,0.772039554106158,0.0001645571142582,0.0124371617929805,0.3528779865171108,0.0621303797087696,0.2075041831129402,157,0,0.04637057189756947
ENSG00000102760,RGCC,28984,5300.90272265218,-1.46359556662422,0.532366361640133,0.0002203252711182,0.0152428703624111,0.2392331465306233,0.0592494690700299,0.1492413078003266,333,0,0.046290234857257695
ENSG00000163827,LRRC2,79442,240.851315759069,-1.09231993598184,0.457674268774888,0.0007042333412235,0.0338975976138322,0.1785460008640205,0.0479306058167562,0.1132383033403884,466,0,0.044690209518150704
ENSG00000182010,RTKN2,219790,9748.4421635238,-1.50584677922141,0.349067390742593,7.56927890122581e-07,0.0002481736182354,0.2461393511986751,0.1175655828511491,0.1818524670249121,211,0,0.044262055818752734
ENSG00000188257,PLA2G2A,5320,50.4165060613548,3.46460587019959,0.786388121764206,6.04927067199059e-07,0.000210542539096,0.566309834982661,0.1198944222093782,0.3431021285960196,44,0,0.044196935325882696
ENSG00000280411,IGHV1-69D,102723169,133.581257218106,2.11427667594052,0.595014374019227,1.49851290119816e-05,0.0021731318822952,0.3455907310434097,0.0868365616962073,0.2162136463698085,147,0,0.043892267492843216
ENSG00000152779,SLC16A12,387700,227.278271994376,-1.8703178679112,0.762730077742348,0.0004235290206081,0.0238345697343718,0.3057142551920044,0.0529186227594816,0.179316438975743,218,0,0.042401260504201684
ENSG00000143297,FCRL5,83416,1034.71065090558,1.77017506516211,0.884322164473196,0.0011875848585012,0.047890788331326,0.289345335833142,0.0430364568398326,0.1661908963364873,259,0,0.042357005331832925
ENSG00000224215,C10orf67-AS1,105376453,64.7541993605982,-3.02546876952556,0.786401842344906,4.60869784156765e-06,0.0008639318970266,0.4945303401903291,0.0999001824611599,0.2972152613257445,63,0,0.04111327500183432
ENSG00000224041,IGKV3D-15,28875,109.543502522796,2.62003855346334,0.676787291467501,3.72910168742999e-06,0.0007594805695035,0.4282604303197574,0.1017251084191436,0.2649927693694505,85,0,0.04017250830274906
ENSG00000145824,CXCL14,9547,478.699384543085,2.28589775143671,0.865474652034012,0.0002460221448512,0.0163698793616747,0.3736431868161626,0.0582392652633269,0.2159412260397448,148,0,0.04000381590975039
ENSG00000173208,ABCD2,225,328.290862135456,1.82114154302031,0.597757492265537,8.52249134727715e-05,0.0076814470816514,0.2976761009322215,0.0689548597552698,0.1833154803437456,207,0,0.03958530052573062
ENSG00000211943,IGHV3-15,28448,368.420826355065,2.09797299990964,0.705045328552477,9.72518184470059e-05,0.0084296087690674,0.34292580105467,0.0676385935439399,0.205282197299305,162,0,0.03794676271063546
ENSG00000165072,MAMDC2,256691,1897.61718994021,-1.44370141714734,0.521882084292135,0.0002133624285884,0.0150370661120165,0.2359813329248456,0.059441984643151,0.1477116587839983,339,0,0.03787264861575206
ENSG00000048462,TNFRSF17,608,102.636840387223,2.02870896421428,0.716084830927512,0.000151152720943,0.0116707440474242,0.3316041944724434,0.0630311462345407,0.1973176703534921,182,0,0.03748630384059668
ENSG00000255833,TIFAB,497189,207.915015179218,2.34605205649558,0.734515341162762,4.91569484478793e-05,0.005165325817954,0.3834757553239978,0.0745749720255996,0.2290253636747987,126,0,0.03737036321434682
ENSG00000144278,GALNT13,114805,267.660704965415,-2.28658709837067,0.628046262175127,1.0337036482434e-05,0.0016468646221274,0.3737558645529796,0.0907636767646446,0.2322597706588121,120,0,0.03603033637183687
ENSG00000270550,IGHV3-30,28439,163.986640043318,1.82772465506704,0.627345281928633,0.000124354835904,0.0100834388984146,0.2987521486087907,0.0651015257133223,0.1819268371610565,210,0,0.035620420837871584
ENSG00000231475,IGHV4-30-2,28398,137.115409697579,2.04441279353529,0.582199949382546,1.74539289017563e-05,0.0024076843508806,0.3341710760527903,0.0853849952892727,0.2097780356710315,152,0,0.03546158907208806
ENSG00000178562,CD28,940,517.680860368539,1.40371779401765,0.657340021401019,0.0010485850519481,0.0437677852956125,0.2294457788488839,0.0443114079537361,0.1368785934013101,377,0,0.0353659899037181
ENSG00000164694,FNDC1,84624,255.921987123323,1.86312349298408,0.58695689196695,5.52596154206651e-05,0.0056060012540883,0.3045382930680512,0.0734155223343827,0.188976907701217,200,0,0.03446598320881605
ENSG00000151790,TDO2,6999,336.881404028297,1.99370837509681,0.572511459951866,1.96173008657979e-05,0.0026416797469461,0.3258831460790606,0.0840714604336718,0.2049773032563662,163,0,0.03411213641746299
ENSG00000211966,IGHV5-51,28388,932.495706285008,2.21801199199732,0.932758080756724,0.000487089286527,0.0261123718699098,0.3625468674464853,0.0516260105826699,0.2070864390145776,159,0,0.03389048696680275
ENSG00000143167,GPA33,10223,141.593478221192,-2.49159433944776,0.766881813397873,3.96526597656291e-05,0.0044193873466794,0.4072654818699788,0.0767838046852217,0.2420246432776003,111,0,0.03385851309707242
ENSG00000094963,FMO2,2327,8135.90664520364,-1.02070210204779,0.456042234192696,0.0010414676059277,0.0436317067572306,0.1668396523682619,0.0443555081860239,0.1055975802771429,486,0,0.03380076489533011
ENSG00000151718,WWC2,80014,5271.5390618905,-1.0799331236559,0.38018444098255,0.0002115816731627,0.0149689606706562,0.1765213048648014,0.0595062732276748,0.1180137890462381,445,0,0.0323283465410152
ENSG00000157303,SUSD3,203328,187.483417079477,1.38236570700814,0.508004281828315,0.0002587666474999,0.0171673837724117,0.2259556569349029,0.0575655953456555,0.1417606261402792,353,0,0.03199256322531068
ENSG00000168743,NPNT,255743,7776.96920495937,-1.09380710682267,0.342299019257176,7.04107270676625e-05,0.0067211049723701,0.1787890875252496,0.0708462937517582,0.1248176906385039,417,0,0.03158423174011043
ENSG00000070193,FGF10,2255,274.015196336728,-1.30423693579993,0.563281034467024,0.0007263577973507,0.0345945104199295,0.2131850581459068,0.0476423933919565,0.1304137257689317,402,0,0.03061878094672212
ENSG00000263639,MSMB,4477,280.030573051042,4.9513134204097,2.15466974899381,0.0002925075271934,0.0186405571484462,0.8093207686847566,0.0563996464435396,0.4328602075641481,16,0,0.03027738095238095
ENSG00000160307,S100B,6285,149.943234771433,1.71569623708769,0.637675019607652,0.0002595564715562,0.0171694329123273,0.2804404568100351,0.0575639050161103,0.1690021809130727,251,0,0.030257273450486025
ENSG00000162894,FCMR,9214,500.871097384061,1.50749824532326,0.637362245133314,0.0006163553959452,0.0309175346396234,0.2464092928689997,0.0492338180185927,0.1478215554437962,337,0,0.029474770012498208
ENSG00000137101,CD72,971,303.280642508839,2.02634586903073,0.689462541292252,0.0001166136127108,0.009558513624486,0.3312179329195912,0.0658586654676777,0.1985382991936344,180,0,0.02921518451930495
ENSG00000171476,HOPX,84525,5111.01083818012,-1.47434696606215,0.469279425134669,6.79067711183316e-05,0.0065372548213192,0.2409905248500153,0.0712390850229577,0.1561148049364865,309,0,0.0287059819490854
ENSG00000170890,PLA2G1B,5319,250.244235304876,-1.65431166465315,0.779936184683017,0.000939423586107,0.0414021660855325,0.2704067939957759,0.0450983268175775,0.1577525604066767,298,0,0.028671498599439776
ENSG00000239975,IGKV1D-33,28896,256.490474882601,2.52030601663448,0.702174615550353,1.14770074716362e-05,0.001778385890622,0.4119585712945344,0.0896755561917295,0.2508170637431319,100,0,0.028670394128476013
ENSG00000130487,KLHDC7B,113730,84.3184561081456,2.04433251202431,0.699397185418306,0.0001121110208305,0.0092967207288023,0.3341579535762552,0.0662519561255996,0.2002049548509274,175,0,0.02857773241202526
ENSG00000163817,SLC6A20,54716,208.6557215586,-2.0315212200741,0.512822968981388,3.12047025494982e-06,0.0006853825104633,0.3320638739313979,0.1031789634615741,0.217621418696486,143,0,0.027666050657551157
ENSG00000211945,IGHV1-18,28468,318.229724185182,2.38680192505803,0.618543388710374,4.21477887781844e-06,0.0008291386308946,0.3901365566404363,0.1004823407643487,0.2453094487023925,106,0,0.0270101080006959
ENSG00000211941,IGHV3-11,28450,226.224595217502,2.17139297455001,0.569385340593188,5.36032996419428e-06,0.0009624344823806,0.3549267198548866,0.0983710639231597,0.2266488918890231,130,0,0.026648077221432937
ENSG00000164530,PI16,221476,355.375755904083,2.65947945522781,0.829013263795144,4.5371024764874e-05,0.0048416447795082,0.4347072734547653,0.0754914582902313,0.2550993658724983,96,0,0.02663848188764206
ENSG00000104814,MAP4K1,11184,471.825374901528,1.07340597538017,0.485913334775841,0.0010877452791847,0.0447039211792525,0.175454404789751,0.0440116915614516,0.1097330481756013,479,0,0.02651515151515152
ENSG00000241644,INMT,11185,8999.4195163459,-1.48501080137735,0.387464882000584,5.70659495753807e-06,0.001014172705119,0.2427335903079299,0.0976294973436392,0.1701815438257845,247,0,0.026185183489294196
ENSG00000102265,TIMP1,7076,4934.45915210855,1.30323935241649,0.618505295274695,0.0011761460422204,0.0476845016364748,0.2130219973815883,0.0430975912978725,0.1280597943397304,409,0,0.02569897387589203
ENSG00000134460,IL2RA,3559,354.426243757285,1.73685588808612,0.655802325808511,0.0002781511733169,0.0179788971255715,0.2838991239468316,0.0569114815786862,0.1704053027627589,246,0,0.02535967264771281
ENSG00000189221,MAOA,4128,6483.32998117859,-1.37582221794902,0.375087505408045,1.13321063596173e-05,0.0017680430494732,0.2248860858644516,0.0897581618169122,0.1573221238406819,299,0,0.02504742317830186
ENSG00000106236,NPTX2,4885,51.2782152229678,2.10211898361452,0.770153038046522,0.0002260515209098,0.0155913523095827,0.3436034860311768,0.0589293396623346,0.2012664128467557,171,0,0.02473186306917029
ENSG00000162078,ZG16B,124220,259.553396721385,3.62005966784112,0.977975679681961,6.79591249012966e-06,0.0011506050374068,0.5917196558361746,0.0958420231332651,0.3437808394847199,42,0,0.024598587377534745
ENSG00000149435,GGTLC1,92086,277.679204977565,-2.10861232974978,0.609200101823872,2.03896700373327e-05,0.0027294408594945,0.3446648609511853,0.08360861533619,0.2141367381436877,149,0,0.02353033637183687
ENSG00000267121,FMNL1-DT,339192,311.633139261395,1.14305738171804,0.462270968004653,0.0005628177855118,0.0289377880946226,0.1868393293402705,0.0501710024430566,0.1185051658916636,442,0,0.023110600255427844
ENSG00000198183,BPIFA1,51297,243.372110559677,6.11786279555902,2.75710757138428,0.0002711084612742,0.0178293218587404,1.0,0.0570297964648585,0.5285148982324293,7,0,0.02286309523809524
ENSG00000181617,FDCSP,260436,67.1245422574776,2.67437205941963,0.825573615480208,4.14266861388699e-05,0.0045494947598041,0.4371415556035298,0.0763728877952154,0.2567572216993726,94,0,0.022828496199377678
ENSG00000242371,IGKV1-39,28930,348.341203326545,1.81530776705297,0.4455569137903,1.9968934437573e-06,0.0004910404388926,0.2967225365646821,0.1079013476457438,0.202311942105213,169,0,0.022773066885504848
ENSG00000259417,CTXND1,100996492,219.117675073514,-1.88767030245116,0.580091577738924,4.35074762976548e-05,0.0047094240970423,0.3085506108148465,0.0758835927078134,0.19221710176133,193,0,0.022707212885154062
ENSG00000086548,CEACAM6,4680,4164.30886584481,-1.57400556307452,0.455834959031601,2.3056550317294e-05,0.0029469397617409,0.257280297985286,0.0825227948491186,0.1699015464172023,249,0,0.022536258467921236
ENSG00000204175,GPRIN2,9721,2052.58314183635,-1.12460485025836,0.451471951837511,0.0005275537376268,0.0274996502450049,0.1838231565236662,0.0508929190773507,0.1173580378005084,451,0,0.022442552519470676
ENSG00000211964,IGHV3-48,28424,331.976390031811,1.53782963329388,0.737390301088521,0.0010651183717054,0.0441321848408297,0.2513671333737978,0.0441939854367009,0.1477805594052494,338,0,0.021803127287407208
ENSG00000182866,LCK,3932,994.495593700819,1.43568687161837,0.533598807240905,0.0002766855001998,0.0179788971255715,0.2346713091801504,0.0569114815786862,0.1457913953794183,342,0,0.02177221539269104
ENSG00000094755,GABRP,2568,159.789484350642,3.66838744257596,0.886480977205642,1.36052766660421e-06,0.0003621084400186,0.5996191096732107,0.1122149004657852,0.3559170050694979,35,0,0.021739593739593742
ENSG00000169495,HTRA4,203100,507.885072990028,2.16330813173005,0.990427852929741,0.0007404901261639,0.0350449080338002,0.353605205612065,0.0474592012672864,0.2005322034396757,172,0,0.021694729391045182
ENSG00000114812,VIPR1,7433,2339.85235343722,-1.74472034138332,0.518171117650952,2.96109411423749e-05,0.003582290489112,0.2851846142495741,0.0797578416886862,0.1824712279691301,208,0,0.02166959180125457
ENSG00000164741,DLC1,10395,11232.1389074179,-1.51440479106111,0.430493558766176,1.94123761499816e-05,0.002629737638569,0.2475382076499692,0.0841356277897798,0.1658369177198745,260,0,0.021548706951999425
ENSG00000124731,TREM1,54210,1583.11812369803,-2.54439114715779,0.733104922184049,1.76380496972382e-05,0.0024183369593977,0.415895424952121,0.0853224740992308,0.250608949525676,101,0,0.021391846430405752
ENSG00000211659,IGLV3-25,28793,391.550129890733,1.77137173087756,0.720993880407962,0.0004350708492171,0.0243131373246032,0.2895409377541787,0.0526370816772055,0.1710890097156921,240,0,0.021339117725838196
ENSG00000168497,CAVIN2,8436,8126.7884231379,-1.61344670250448,0.416084028026228,4.5557660948989e-06,0.0008639318970266,0.2637271799680907,0.0999001824611599,0.1818136812146253,212,0,0.021332910762021467
ENSG00000171631,P2RY6,5031,267.85468881258,1.4545773203361,0.662579141003596,0.0009054234036342,0.0406416540881292,0.2377590621012264,0.0453608891573201,0.1415599756292733,355,0,0.02105763459363865
ENSG00000137648,TMPRSS4,56649,118.955365703313,3.16649313358496,0.961447839666051,2.75455527294173e-05,0.0034052625103694,0.5175815868056945,0.0804755856342688,0.2990285862199817,60,0,0.02105748702366262
ENSG00000100628,ASB2,51676,256.670033742243,1.27369970630608,0.439416280633786,0.0001649272217607,0.0124371617929805,0.2081935716555565,0.0621303797087696,0.135161975682163,381,0,0.02090425104907864
ENSG00000118849,RARRES1,5918,1028.55389633019,1.35009174790642,0.567619180681572,0.000620882823324,0.0310757347611933,0.2206802919618362,0.0491615372081049,0.1349209145849705,384,0,0.020407122953674677
ENSG00000211962,IGHV1-46,28465,216.570067149154,2.42033894880936,0.852780274596229,0.0001361139742216,0.0108045839958477,0.3956183768237322,0.0641232579149904,0.2298708173693613,124,0,0.02032096257123377
ENSG00000029153,BMAL2,56938,460.644565381583,1.75938761825462,0.47256793894311,8.57576543267744e-06,0.0013857824384533,0.2875820653467034,0.0932081853270266,0.190395125336865,196,0,0.02030751911469546
ENSG00000142185,TRPM2,7226,958.948416201482,1.75430059381529,0.566335136199954,7.52959988085808e-05,0.0070099645310556,0.2867505618283469,0.070250348649227,0.1785004552387869,221,0,0.01953140336612071
ENSG00000122224,LY9,4063,589.156903504823,1.62360871517688,0.623352301095686,0.0003156801574089,0.0196739179092655,0.2653882196173905,0.0556355393670489,0.1605118794922197,283,0,0.01947679055608973
ENSG00000241755,IGKV1-9,28941,382.696340752987,1.72474310508554,0.561975754391764,8.47834182446742e-05,0.007672221083797,0.2819192196231562,0.0689718798138406,0.1754455497184984,231,0,0.01937335133950244
ENSG00000181072,CHRM2,1129,151.416070216778,-2.45074602588012,0.748990630548649,3.52744175807111e-05,0.0040101163262735,0.4005885891489959,0.0781600960802822,0.239374342614639,114,0,0.01907756071612004
ENSG00000137077,CCL21,6366,652.080752454422,1.12586169770323,0.448632074698183,0.0005148544955131,0.0270605187378147,0.1840285954958809,0.0511208945204594,0.1175747450081701,449,0,0.019033333333333333
ENSG00000183019,MCEMP1,199675,505.630617425145,-2.86899083916668,0.737299674885785,3.75997099343122e-06,0.0007594805695035,0.4689531189305669,0.1017251084191436,0.2853391136748553,71,0,0.018585811947647135
ENSG00000160161,CILP2,148113,133.939233546698,3.82167899263977,0.910840883882166,9.58085060402809e-07,0.0002814903678115,0.624675498674789,0.1157815791844826,0.3702285389296358,30,0,0.018066666666666665
ENSG00000116005,PCYOX1,51449,6076.77336185018,-1.04682929813824,0.402372171747643,0.0004210240244704,0.0238147759530478,0.1711102934341936,0.0529303888355132,0.1120203411348534,473,0,0.017890030432053273
ENSG00000211973,IGHV1-69,28461,71.1451257905635,3.02845708448834,0.863002604420265,1.60144442490785e-05,0.0022557743277316,0.4950187975262715,0.0863079741970608,0.2906633858616662,66,0,0.01786829323007998
ENSG00000188282,RUFY4,285180,95.3972462256258,2.64865330832573,0.843225837301821,5.8234419961351e-05,0.0058552768123806,0.4329376772307476,0.0727993886677556,0.2528685329492516,98,0,0.017830949706843215
ENSG00000169550,MUC15,143662,322.469014199819,-2.25390040084637,0.530965570669017,9.14138752600623e-07,0.0002786657702283,0.3684130351014875,0.1159244063981127,0.2421687207498001,110,0,0.017812409200968524
ENSG00000249859,PVT1,5820,916.391873446943,1.70423989597029,0.399624051277763,9.23835599483993e-07,0.0002786657702283,0.2785678517026247,0.1159244063981127,0.1972461290503687,183,0,0.017436002968006896
ENSG00000083454,P2RX5,5026,91.1725873249301,2.40326262599674,0.623361241771282,4.49363617681542e-06,0.0008615214510855,0.3928271532570618,0.0999397513865436,0.2463834523218027,104,0,0.017405792217239358
ENSG00000162849,KIF26B,55083,941.804387379716,1.44092631817734,0.43821780743061,4.46219527026919e-05,0.0047842769478341,0.2355277269740854,0.0756602655227635,0.1555939962484245,311,0,0.017349786131131344
ENSG00000089250,NOS1,4842,283.816518178304,-1.65361615815919,0.466062194072958,1.60535590666486e-05,0.0022557743277316,0.2702931094433102,0.0863079741970608,0.1783005418201855,224,0,0.017287479228979725
ENSG00000078098,FAP,2191,633.158521183673,1.04641919015803,0.461135948996009,0.0009855540553645,0.0424560846086337,0.1710432589167625,0.0447423318120881,0.1078927953644253,483,0,0.016915151515151515
ENSG00000124256,ZBP1,81030,288.271087751262,1.31672234124485,0.461785749393227,0.0001812939552609,0.0134472562290774,0.2152258697597245,0.0610245099842766,0.1381251898720006,373,0,0.016854251049078634
ENSG00000074410,CA12,771,447.662466656413,1.62023982687776,0.569521272596349,0.0001622727252689,0.0124109601976973,0.2648375553720979,0.062160246882172,0.163498901127135,269,0,0.01685314523589269
ENSG00000111412,SPRING1,79794,4054.95472739919,-1.06511932533057,0.426199047640424,0.000535454743227,0.0277834693945559,0.1740999039899594,0.0507475028857512,0.1124237034378553,469,0,0.0164663620432802
ENSG00000198523,PLN,5350,1093.96229448154,1.54939255572799,0.674094199731732,0.0006918097723178,0.0335854345046077,0.2532571598128516,0.0480616295249084,0.15065939466888,327,0,0.016368945613773195
ENSG00000091137,SLC26A4,5172,135.395674263796,1.66267551335465,0.526649446620546,6.40003439509819e-05,0.0062951294834915,0.2717739133609849,0.0717735807371451,0.171773747049065,238,0,0.016276480330562473
ENSG00000223648,IGHV3-64,28414,36.0756231296455,2.09448905412295,1.04648491761031,0.0010372381516141,0.0435351367420544,0.3423563299986635,0.0443868880427703,0.1933716090207169,191,0,0.01627043071870658
ENSG00000145113,MUC4,4585,681.388816973865,1.50431000787061,0.476893506143167,6.78993489228159e-05,0.0065372548213192,0.2458881570476857,0.0712390850229577,0.1585636210353217,294,0,0.016238675020020236
ENSG00000226004,SIMALR,105378020,73.5432835656906,2.25612265345706,0.749669737285263,9.35271990055854e-05,0.008201030322106,0.3687762751225457,0.0680279196151831,0.2184020973688644,141,0,0.015992314403320555
ENSG00000214548,MEG3,55384,961.2252566323,1.13391297574712,0.412461113669707,0.0002750109886206,0.0179788971255715,0.1853446233822425,0.0569114815786862,0.1211280524804644,429,0,0.015985714285714287
ENSG00000164509,IL31RA,133396,93.3625207842141,2.81632631767084,0.829577946490201,2.24521587892427e-05,0.002902486790223,0.4603447987939876,0.082738051046901,0.2715414249204443,79,0,0.01592031003680267
ENSG00000173200,PARP15,165631,1046.7313879274,1.27794151938018,0.382658199392252,3.98512583973213e-05,0.0044193873466794,0.2088869204958049,0.0767838046852217,0.1428353625905133,350,0,0.01506439332795265
ENSG00000134061,CD180,4064,555.360428898166,1.24336050255847,0.575112356013087,0.0010759187796106,0.0443601862841036,0.203234453616879,0.0441210073414556,0.1236777304791673,422,0,0.014754040404040405
ENSG00000130164,LDLR,3949,4343.04997796554,-1.62970401556486,0.689115187646695,0.0005471017818727,0.028193812326439,0.2663845316615907,0.0505398668492428,0.1584621992554168,295,0,0.014421917598835755
ENSG00000184545,DUSP8,1850,198.289379255372,-1.34425535115226,0.572544541915961,0.0006797017815081,0.033283319054241,0.219726299211558,0.0481896007895684,0.1339579500005632,390,0,0.014294117647058822
ENSG00000149527,PLCH2,9651,302.440735181748,1.22335668033045,0.582409493776766,0.0012120736249027,0.048618336198891,0.1999647133666497,0.0428229256980404,0.1213938195323451,428,0,0.013816155810983397
ENSG00000086570,FAT2,2196,272.402004677029,1.76055724405248,0.778402381257354,0.0006844766275677,0.0334447402709811,0.2877732474370748,0.0481210815131201,0.1679471644750974,255,0,0.013779565772669224
ENSG00000114790,ARHGEF26,26084,2974.99093957926,-1.38982674297412,0.371254793355686,8.50837060046927e-06,0.0013847832237008,0.2271752063454251,0.0932184006054404,0.1601968034754328,286,0,0.013633254288192922
ENSG00000243264,IGKV2D-29,28882,68.4535843467441,2.15591563815345,0.838509424226393,0.0003295900229789,0.0202048852853712,0.3523968598508677,0.0552583919082237,0.2038276258795457,166,0,0.013580827067669174
ENSG00000078114,NEBL,10529,7630.80121535071,-1.44085818969304,0.399468972591994,1.26993426740853e-05,0.0019026306577207,0.2355165909799357,0.0887191659402123,0.162117878460074,274,0,0.01320325240654488
ENSG00000236841,LOC101929532,101929532,30.8682568546489,3.03421685969266,0.966633206363708,6.77305504970594e-05,0.0065372548213192,0.4959602660417964,0.0712390850229577,0.2835996755323771,72,0,0.012851829532711008
ENSG00000132932,ATP8A2,51761,323.560488646579,-1.46018669163246,0.435880982705983,3.48870920341124e-05,0.0039873069167893,0.2386759462295256,0.078240880002981,0.1584584131162533,296,0,0.012826694915254238
ENSG00000169436,COL22A1,169044,79.3662781279382,2.35295419827181,0.800617802762342,0.000119322394994,0.009745236613536,0.3846039502520109,0.0655846787905331,0.225094314521272,133,0,0.01278539813566933
ENSG00000290710,HLA-V,352962,154.896103389608,-1.25375397443395,0.568644412274503,0.0009507176654606,0.0414413983539796,0.2049333266094255,0.0450849132446492,0.1250091199270374,416,0,0.012704425204425204
ENSG00000144130,NT5DC4,284958,62.6938999733453,3.56267528867887,1.04907157279038,2.6547020123549e-05,0.0033117217102623,0.582339847710385,0.0808700562230027,0.3316049519666939,46,0,0.012629316979316978
ENSG00000078589,P2RY10,27334,536.218718543698,1.08670905567532,0.474461555344532,0.0008945573520147,0.0403849786276754,0.1776288700792973,0.0454506150546531,0.1115397425669752,476,0,0.012515151515151516
ENSG00000232216,IGHV3-43,28426,93.3433024447043,2.73006290599804,0.774095598422831,1.55883056582982e-05,0.0022179511880986,0.4462445460496111,0.0865474482079866,0.2663959971287989,83,0,0.012408060209335452
ENSG00000211952,IGHV4-28,28400,52.9948022047866,2.66284697613026,0.742171928996583,1.2504240247291e-05,0.0018900316679062,0.4352577141911765,0.0888132579930018,0.2620354860920891,89,0,0.012337954389229633
ENSG00000007402,CACNA2D2,9254,3521.64748532213,-1.04055760644294,0.480935845640281,0.001197508056046,0.0481194045327329,0.1700851492122845,0.04296901175862,0.1065270804854522,484,0,0.0123163620432802
ENSG00000117091,CD48,962,912.538426513696,1.35388092236186,0.57997944566618,0.0006887176266982,0.0335464644464417,0.2212996544062163,0.04807807180225,0.1346888631042332,386,0,0.012307122953674676
ENSG00000138316,ADAMTS14,140766,131.82515073027,1.63984236415773,0.565465631380361,0.000143832013884,0.0112983043406225,0.2680417032804491,0.0634904614564319,0.1657660823684405,262,0,0.012008595502212524
ENSG00000116824,CD2,914,1260.17424966031,1.52348716942041,0.587872451906254,0.000343285103527,0.0205787303148358,0.249022774836715,0.0549987481724165,0.1520107615045657,321,0,0.011919362148983228
ENSG00000224137,LINC01857,102724714,121.548524058986,2.70517860310569,0.648831120855485,1.23696753143988e-06,0.0003412672739483,0.4421770630536842,0.1130544021825005,0.2776157326180924,76,0,0.011769119408696538
ENSG00000243290,IGKV1-12,28940,307.727034308469,1.56675833841856,0.644417817043952,0.0004926676012295,0.0262249862179202,0.2560956972679864,0.0515650649766958,0.1538303811223411,316,0,0.011642821429541901
ENSG00000235531,MSC-AS1,100132891,410.646990577373,1.55358489682389,0.390657006390708,3.30436589168301e-06,0.0006986417716592,0.2539424221725997,0.1029076016673045,0.1784250119199521,222,0,0.01161812517530152
ENSG00000122691,TWIST1,7291,37.1634003768649,2.4334925663928,0.962811130029588,0.0003053936968312,0.0191840933159274,0.3977684115700145,0.0559926006988547,0.2268805061344346,129,0,0.011390692640692642
ENSG00000211934,IGHV1-2,28474,188.555924922285,2.7598993806431,0.87940300012832,5.1544647577465e-05,0.0053490576245183,0.4511214901135935,0.0740799727729261,0.2626007314432598,88,0,0.011304686675568153
ENSG00000153234,NR4A2,4929,2971.3028833452,-1.43362466592465,0.657337109664208,0.0008896984555346,0.0402552963191191,0.2343342297518217,0.045496165109728,0.1399151974307749,367,0,0.011071917598835758
ENSG00000171303,KCNK3,3777,1949.74578348094,-1.40908292651063,0.358483429380683,4.00273896045691e-06,0.000794333013179,0.2303227407344749,0.1010896795108599,0.1657062101226674,263,0,0.011061459416398049
ENSG00000060718,COL11A1,1301,173.725657368729,2.27944937964826,0.795965716169371,0.0001299459219453,0.0104618028191089,0.3725891632128332,0.0645798418954615,0.2185845025541474,139,0,0.011052685920348419
ENSG00000160867,FGFR4,2264,1612.36681411014,-1.57799014608819,0.3681884394065,8.49240438247093e-07,0.000270335795603,0.2579316010868467,0.1163542032449724,0.1871429021659096,203,0,0.011032565194400379
ENSG00000137878,GCOM1,145781,79.7429197388412,-1.96426962786116,0.730556144120575,0.0002322870126609,0.015924330567965,0.3210712128567236,0.0586300683312749,0.1898506405939992,199,0,0.010910714285714286
ENSG00000072657,TRHDE,29953,351.249264156981,-1.12852374800893,0.504245781224518,0.0009641493557063,0.0417054510021871,0.18446372298969,0.0449949622460849,0.1147293426178875,464,0,0.010891666666666668
ENSG00000150275,PCDH15,65217,328.797343908927,-1.63817845705844,0.450362809805247,1.16149033423627e-05,0.0017875099205052,0.2677697280572555,0.0896030827650834,0.1786864054111694,220,0,0.010726694915254237
ENSG00000292339,ASMTL,8623,29.4083640008256,4.10406215919624,1.03391378944146,3.82203229846509e-06,0.0007651843954705,0.670832657799288,0.1016191455595323,0.3862259016794102,23,0,0.010666666666666666
ENSG00000175445,LPL,4023,5047.44807822135,-1.73606415703305,0.581925991259686,0.0001018619262663,0.0085985908877783,0.2837697109345547,0.0673575031053812,0.1755636070199679,230,0,0.010622648615752062
ENSG00000053747,LAMA3,3909,10240.2205696503,-1.13094107327227,0.505372261507045,0.0009434729823724,0.0414021660855325,0.184858848762222,0.0450983268175775,0.1149785877898998,461,0,0.010362886107451326
ENSG00000225783,MIAT,440823,778.710305021892,1.58181283317569,0.617390516877715,0.000360255773329,0.0213352522513719,0.2585564413644474,0.0544874555052506,0.156521948434849,305,0,0.01035348554193015
ENSG00000186081,KRT5,3852,151.855708522936,3.22370687083849,0.953648467613291,2.20025733898248e-05,0.0028607138953908,0.5269335025261749,0.082943355436102,0.3049384289811385,57,0,0.010343385969878603
ENSG00000163568,AIM2,9447,661.68952951275,1.52038483017967,0.542795650501266,0.0001950235194738,0.0142302544446183,0.2485156795741354,0.0602229990644044,0.1543693393192699,313,0,0.010342056662532314
ENSG00000173253,DMRT2,10655,132.415540815007,-1.39204454407128,0.582329879741783,0.0005948365429402,0.0302404204740159,0.2275377187408927,0.0495474255534707,0.1385425721471817,372,0,0.010333333333333333
ENSG00000137265,IRF4,3662,1340.80203004094,1.28228251479395,0.51924219021007,0.0005029210331709,0.0267079402193116,0.209596481262176,0.0513066297482545,0.1304515555052152,400,0,0.01029126984126984
ENSG00000171509,RXFP1,59350,595.011024310416,-1.00192128698434,0.406247632853189,0.0006248828124318,0.0312068959506517,0.1637698197010299,0.0491018888025461,0.106435854251788,485,0,0.010199999999999999
ENSG00000169860,P2RY1,5028,1576.75595947161,-1.0428032701893,0.383847483207347,0.0003121151805871,0.0195054743934327,0.1704522159186497,0.0557573146302113,0.1131047652744305,467,0,0.010152380952380953
ENSG00000104321,TRPA1,8989,218.684559279258,1.56570533498469,0.576743374576253,0.0002360314246366,0.0160524051331485,0.2559235777764159,0.0585166218881836,0.1572200998322998,300,0,0.010017960050707507
ENSG00000087495,PHACTR3,116154,173.919815766427,-1.47587558303747,0.625906174536444,0.0006039816999133,0.0306230729888121,0.241240386121247,0.0493693463450931,0.1453048662331701,344,0,0.009999999999999998
ENSG00000187678,SPRY4,81848,2176.61455490473,-1.32632563026582,0.459382221541448,0.0001591472788466,0.0122462207120685,0.2167955828019884,0.0623494901963102,0.1395725364991493,368,0,0.009879894992563656
ENSG00000145536,ADAMTS16,170690,108.269410478305,1.95144067340056,0.772775570284942,0.0003877934219184,0.0223232839289078,0.3189742461725552,0.0538463409212772,0.1864102935469162,204,0,0.009874647142118049
ENSG00000188822,CNR2,1269,155.023952935342,1.47101113388142,0.672858258104851,0.0008846165164098,0.0401861033147381,0.2404452638181478,0.0455205287666694,0.1429828962924086,349,0,0.009848212789389257
ENSG00000082512,TRAF5,7188,1542.1859924391,1.05911368650244,0.41506293053323,0.0004899128610975,0.0261398553221952,0.1731182476454448,0.0516111126393605,0.1123646801424027,471,0,0.00981904761904762
ENSG00000211883,TRAJ6,28749,26.2174172331759,3.14133841737091,1.21925872428923,0.0002407388791837,0.0162040250362782,0.5134699031909018,0.0583834836180158,0.2859266934044588,70,0,0.009795238095238095
ENSG00000012171,SEMA3B,7869,1433.87177430107,-1.35772096668673,0.509179321777811,0.0002915117732138,0.0186405571484462,0.2219273318244902,0.0563996464435396,0.1391634891340149,369,0,0.009685714285714285
ENSG00000168309,FAM107A,11170,3852.01726800417,-2.02050311575306,0.565923037892752,1.35126670927824e-05,0.0019850458937663,0.3302629011588411,0.0881186255100068,0.209190763334424,154,0,0.009630955437618207
ENSG00000155511,GRIA1,2890,972.481174246985,-1.45136523905755,0.441541183741753,4.38427979931296e-05,0.0047231219952312,0.2372340288688889,0.0758424602082285,0.1565382445385587,304,0,0.0096
ENSG00000112837,TBX18,9096,88.9184887445513,2.7867840459021,1.00618586074892,0.0001623853696909,0.0124109601976973,0.4555159438889405,0.062160246882172,0.2588380953855563,92,0,0.009596395691190212
ENSG00000181215,C4orf50,389197,56.319363568793,2.18461328066591,0.808552242754737,0.0002015009730946,0.0143803044615816,0.3570876552268758,0.0600744487799552,0.2085810520034155,155,0,0.009552375757635394
ENSG00000211599,IGKV5-2,28907,39.4736024736315,2.53971954022814,1.04087277401608,0.0004666911435838,0.0254408523886676,0.415131823824446,0.0519949772614799,0.233563400542963,118,0,0.009533333333333333
ENSG00000138759,FRAS1,80144,3752.21786262086,-1.03061823764698,0.414024084995214,0.0005705499051787,0.0292688220064806,0.16846050199019,0.0500099138975284,0.1092352079438592,482,0,0.009533028709946868
ENSG00000147145,LPAR4,2846,32.6742296835913,1.97870127259032,0.954920623437071,0.0010233818098992,0.0431939676965502,0.3234301485196214,0.0444983089775008,0.1839642287485611,206,0,0.00942623765686646
ENSG00000137078,SIT1,27240,207.787692197935,1.52557201647313,0.592782639543781,0.0003484528084872,0.0207448628589647,0.249363555125909,0.0548848756929373,0.1521242154094232,320,0,0.009407540190609544
ENSG00000124839,RAB17,64284,462.747404533605,-1.13497919929619,0.510829668838191,0.0009927392897113,0.0425354942256426,0.1855189037779787,0.0447158677120419,0.1151173857450103,459,0,0.009333333333333334
ENSG00000133135,RNF128,79589,577.015415712845,-1.69386982099112,0.522116110304331,4.60649707028651e-05,0.0048926189305676,0.2768728030678796,0.0753431345519512,0.1761079688099154,229,0,0.009333333333333332
ENSG00000134398,ERN2,10595,83.7457729811525,3.4579442722153,1.12308907858405,5.49845169217769e-05,0.005603219487934,0.5652209583264003,0.0734225515198869,0.3193217549231436,51,0,0.00909090909090909
ENSG00000270547,LINC01235,401492,30.0851185106877,5.32957230252447,1.90581957473122,0.0003030903694608,0.0191531101349518,0.8711493671275575,0.0560154917358652,0.4635824294317113,12,0,0.00896190476190476
ENSG00000130518,IQCN,80726,1796.7726136541,-2.09326912686354,0.674829167667647,6.53121844453679e-05,0.0063687825375325,0.3421569258439486,0.0716088450959607,0.2068828854699547,160,0,0.008942528735632184
ENSG00000237914,SIRPG-AS1,101929010,56.3778511948866,2.67458153479975,0.958113824118783,0.0001426141132251,0.0112416692804615,0.4371757955639735,0.063561630753361,0.2503687131586672,102,0,0.008729729024523545
ENSG00000135424,ITGA7,3679,602.001353750496,1.15751756242009,0.523240155889463,0.0010203708704832,0.043147383556901,0.189202929372711,0.0445135909382134,0.1168582601554622,453,0,0.008720707070707072
ENSG00000147676,MAL2,114569,2163.23308379418,-1.24258099206673,0.492230195949592,0.0004477395894644,0.0247658013018425,0.2031070381259161,0.0523758337298955,0.1277414359279058,410,0,0.008666362043280201
ENSG00000091583,APOH,350,143.945033800314,-1.69273258137755,0.80593261745603,0.000987132586489,0.0424560846086337,0.2766869146863364,0.0447423318120881,0.1607146232492122,281,0,0.008625
ENSG00000271856,LINC01215,101929623,95.1030250615781,1.68893015942415,0.602421078727091,0.0001875227452223,0.0137737891726178,0.2760653868619203,0.0606847260548827,0.1683750564584015,253,0,0.008519178212390784
ENSG00000171243,SOSTDC1,25928,345.002127456158,-1.97078864453772,0.74172003369125,0.000243814909336,0.0162708693035645,0.3221367837749357,0.0583251825067876,0.1902309831408617,198,0,0.008291666666666666
ENSG00000177455,CD19,930,219.053835014825,1.92710206926495,0.836970092790522,0.0005917217282477,0.0302130703901895,0.3149959607894183,0.0495602399189425,0.1822781003541804,209,0,0.008115248645877449
ENSG00000088538,DOCK3,1795,142.341344794267,1.42491928099657,0.661491542016156,0.0009908655423598,0.0425354942256426,0.2329112843182629,0.0447158677120419,0.1388135760151524,371,0,0.008064879456055926
ENSG00000188883,KLRG2,346689,178.728111231246,-1.37031210630004,0.57666704495369,0.0006130241500135,0.030818767435012,0.2239854262986667,0.0492791320101379,0.1366322791544023,379,0,0.008
ENSG00000153283,CD96,10225,1338.13257857253,1.44434890697677,0.565082499384944,0.0003875142718545,0.0223232839289078,0.2360871688762338,0.0538463409212772,0.1449667548987555,345,0,0.007840872822218039
ENSG00000149968,MMP3,4314,41.3304125361845,4.01926447055224,0.928531253271466,8.71135305448896e-07,0.000270335795603,0.6569719859474192,0.1163542032449724,0.3866630945961958,22,1,0.007833333333333333
ENSG00000084710,EFR3B,22979,488.953657842888,-1.35813381253851,0.405676889421116,3.63718745481765e-05,0.0041142045895169,0.2219948138628386,0.0777971866485975,0.149896000255718,329,0,0.007801694915254238
ENSG00000150594,ADRA2A,150,351.94249633089,1.61498557387168,0.481527211912193,3.27231179027117e-05,0.0038971043641871,0.2639787173788867,0.0785649421498469,0.1712718297643668,239,0,0.007759942361946291
ENSG00000108001,EBF3,253738,79.6808909248193,2.22613436882324,1.19343268348739,0.0012345576489908,0.0494325622887067,0.3638745168393118,0.0425877116705096,0.2032311142549107,168,0,0.007568131868131869
ENSG00000163898,LIPH,200879,771.767723548128,-1.25008777725035,0.468049667872255,0.0003061246380696,0.0191840933159274,0.2043340655102291,0.0559926006988547,0.1301633331045419,404,0,0.007499999999999999
ENSG00000251039,IGKV2D-40,28878,29.4247784779383,3.03184490668517,1.07297230601621,0.0001949751354063,0.0142302544446183,0.4955725566264738,0.0602229990644044,0.2778977778454391,75,0,0.007369729024523545
ENSG00000158246,TENT5B,115572,451.065273367732,-1.22500019874542,0.49452063212199,0.0005155409793572,0.0270605187378147,0.2002333559416619,0.0511208945204594,0.1256771252310606,413,0,0.0072
ENSG00000114279,FGF12,2257,112.803896719894,-1.44086294843436,0.660337978009832,0.0009233035676232,0.0410822249251551,0.2355173688236826,0.0452081920604508,0.1403627804420667,364,0,0.007166666666666667
ENSG00000147257,GPC3,2719,1999.56126515693,-1.29405065162376,0.41047730065402,7.16606048064168e-05,0.0067638334734457,0.211520051179166,0.0707565446848942,0.1411382979320301,358,0,0.006955981949085397
ENSG00000281706,LINC01012,100507173,433.604074615543,-1.83072199365972,0.69752603356159,0.0002773617088025,0.0179788971255715,0.2992420809091449,0.0569114815786862,0.1780767812439156,225,0,0.006952380952380953
ENSG00000139304,PTPRQ,374462,886.612057227611,-1.01808698188504,0.391522196439726,0.0004362798959972,0.0243131373246032,0.1664121958773042,0.0526370816772055,0.1095246387772548,481,0,0.006866666666666666
ENSG00000184530,C6orf58,352999,99.3864351169653,5.22479150608364,1.2670326757877,1.33899704634051e-06,0.0003606205973733,0.8540223409188477,0.1122732103140052,0.4831477756164264,10,0,0.006833333333333332
ENSG00000269220,LINC00528,200298,47.0105185619992,1.89235837018527,0.773187152424897,0.0004793327441972,0.0259424513683598,0.3093169025560593,0.0517184689343221,0.1805176857451907,215,0,0.006734296264925068
ENSG00000162433,AK4,205,309.63504727443,1.5630036317825,0.509550289733934,8.75281224646484e-05,0.0078296442757476,0.2554819687877097,0.068684233056851,0.1620831009222803,275,0,0.006682586071030678
ENSG00000166920,C15orf48,84419,195.005755319012,2.29717785932564,0.986346694049279,0.0005340208512777,0.0277727671688672,0.375486985584765,0.0507529592215577,0.2131199724031613,150,0,0.006590476190476191
ENSG00000140945,CDH13,1012,666.505137567663,-1.12889887356316,0.416808926069411,0.0002997154542232,0.0189928927756109,0.1845250394275975,0.0561344577427299,0.1203297485851637,435,0,0.006566666666666667
ENSG00000177807,KCNJ10,3766,186.823638988166,2.4506251540807,1.05794725058796,0.0005385190459627,0.0278785271780695,0.4005688319554368,0.0506991314337287,0.2256339816945827,131,0,0.006533333333333333
ENSG00000211891,IGHE,3497,114.698236742329,4.28336833064068,1.00955557300213,9.50059172827227e-07,0.0002814903678115,0.7001412868804434,0.1157815791844826,0.407961433032463,19,0,0.006499999999999999
ENSG00000143851,PTPN7,5778,855.530041648585,1.15058793857135,0.533858934045226,0.0011494412031367,0.0467799237289243,0.1880702423412578,0.0433688294416318,0.1157195358914448,458,0,0.006487373737373737
ENSG00000088926,F11,2160,311.319792436192,-1.39735404462504,0.629823824424923,0.0008542597695303,0.0392859373973507,0.2284055872647854,0.045841367337424,0.1371234773011047,376,0,0.006458333333333334
ENSG00000242534,IGKV2D-28,28883,92.0102259664269,1.57754267461994,0.652870464573631,0.000504969878359,0.026747939825157,0.2578584592915494,0.0512854353979594,0.1545719473447544,312,0,0.006441480433373316
ENSG00000159618,ADGRG5,221188,197.598166518186,1.43362201318528,0.493177681676917,0.0001455974680709,0.0113581086902356,0.2343337961462541,0.0634156957526385,0.1488747459494463,335,0,0.006387781022574515
ENSG00000185245,GP1BA,2811,70.0069035763588,1.54805925519638,0.754591585629386,0.001128868248955,0.0462022802366404,0.2530392241421501,0.0435447940935853,0.1482920091178677,336,0,0.006293368782821115
ENSG00000120738,EGR1,1958,6516.57762591286,-1.75055632013897,0.684598893531943,0.0003304516445912,0.0202048852853712,0.2861385386755822,0.0552583919082237,0.1706984652919029,244,0,0.006187252654275498
ENSG00000116133,DHCR24,1718,9962.20574707476,-1.16750022682022,0.448408178847086,0.0003438429942539,0.0205787303148358,0.1908346535113067,0.0549987481724165,0.1229167008418616,424,0,0.006157707199730044
ENSG00000243566,UPK3B,105375355,697.045963654271,-1.40336658548673,0.43197415556651,4.94040399128747e-05,0.005165325817954,0.2293883717865394,0.0745749720255996,0.1519816719060695,322,0,0.006133333333333333
ENSG00000107165,TYRP1,7306,106.100576496323,-1.61329138350775,0.617575624251205,0.0003183146512255,0.0197836053699905,0.2637017921812245,0.0555568006963139,0.1596292964387692,289,0,0.006125
ENSG00000113088,GZMK,3003,112.687758244495,1.7240423941683,0.67494586640781,0.0003535736292312,0.0209944782522262,0.2818046843776537,0.054715484529423,0.1682600844535384,254,0,0.00602481376670665
ENSG00000146411,SLC2A12,154091,376.329480000962,-1.25705945831119,0.428475862663473,0.0001451338600434,0.0113581086902356,0.2054736270358489,0.0634156957526385,0.1344446613942437,387,0,0.005958333333333333
ENSG00000101134,DOK5,55816,46.1856606882275,1.75117642246634,0.80850978794203,0.0009038759020689,0.0406416540881292,0.2862398979816163,0.0453608891573201,0.1658003935694682,261,0,0.005937626485902348
ENSG00000005102,MEOX1,4222,71.4145629168452,1.90736227993973,0.833615460411611,0.0006613690226642,0.0325264160863753,0.3117693782417434,0.0485153842371492,0.1801423812394463,217,0,0.005915248645877448
ENSG00000168421,RHOH,399,693.598070953522,1.15357648679499,0.430621038078457,0.0003251980342387,0.0200461992604434,0.1885587378050347,0.0553700584697421,0.1219643981373884,426,0,0.005905555555555556
ENSG00000182183,SHISAL2A,348378,124.981900425347,1.64760198494995,0.71346534870942,0.0006307673202459,0.0313623056833505,0.2693100581049236,0.049031536503901,0.1591707973044123,290,0,0.0058671136653895275
ENSG00000072818,ACAP1,9744,1195.64308697079,1.10882920987995,0.424326138365087,0.0004008076601056,0.0228976557943694,0.1812445370113323,0.0534865611589709,0.1173655490851516,450,0,0.005819047619047619
ENSG00000154678,PDE1C,5137,1104.74179422178,-1.36161059480469,0.397892076101886,2.78631401729453e-05,0.0034258033702855,0.2225631140000538,0.080390414730675,0.1514767643653644,325,0,0.005768361581920904
ENSG00000167286,CD3D,915,619.832479636708,1.4283639032472,0.623989481015653,0.0007420108273964,0.0350449080338002,0.2334743277152365,0.0474592012672864,0.1404667644912615,363,0,0.005741436679164873
ENSG00000099994,SUSD2,56241,6380.68037425817,-1.09787031688204,0.484578193208656,0.0009118727565133,0.0407693623924944,0.1794532426714421,0.0453164571313339,0.112384849901388,470,0,0.005684098228663446
ENSG00000174951,FUT1,2523,621.584213936008,-1.26282781825088,0.38789821803255,5.20301618594853e-05,0.0053747869942791,0.2064164987759404,0.0740120149796911,0.1402142568778158,365,0,0.005633333333333333
ENSG00000121075,TBX4,9496,1315.17507507057,-1.21045816016419,0.371732060900299,5.31717500277236e-05,0.0054677477312599,0.1978563757662015,0.0737691643818437,0.1358127700740226,380,0,0.005633333333333333
ENSG00000179639,FCER1A,2205,317.353358418223,-1.62393763897576,0.571449665897597,0.0001637357506982,0.0124371617929805,0.2654419841116055,0.0621303797087696,0.1637861819101876,267,0,0.005513888888888889
ENSG00000205364,MT1M,4499,98.7024519480066,-2.21949080075516,0.859937930367884,0.0002946331946338,0.0187232774219116,0.3627885872769649,0.0563369387208211,0.209562762998893,153,0,0.005382142857142857
ENSG00000114200,BCHE,590,543.541051916704,-1.19774650081553,0.529093079242721,0.0008561184253588,0.0392859373973507,0.1957785816453711,0.045841367337424,0.1208099744913975,430,0,0.005366666666666667
ENSG00000169174,PCSK9,255738,353.953328996318,-2.0490676155431,0.655334793772309,6.24586204388648e-05,0.006197374430651,0.3349319335880703,0.0719952259643888,0.2034635797762295,167,0,0.005291666666666667
ENSG00000156675,RAB11FIP1,80223,7351.6712506248,-1.0685500307162,0.397091945650965,0.0003386624022171,0.0205787303148358,0.1746606725949893,0.0549987481724165,0.1148297103837029,463,0,0.005278919320942165
ENSG00000168874,ATOH8,84913,2109.24996349383,-1.58429915941644,0.402281820835407,3.62234568102765e-06,0.0007461015935182,0.2589628457451659,0.1019768121447897,0.1804698289449778,216,0,0.005228126083064716
ENSG00000177303,CASKIN2,57513,2201.78510689693,-1.20413819120355,0.402890216138459,0.0001252537750805,0.0101200576915999,0.1968233403465077,0.0650501878530923,0.1309367640998,398,0,0.005213228325896992
ENSG00000154342,WNT3A,89780,154.846378455683,-1.67358377969593,0.556569051981403,9.88385575872834e-05,0.0084757881830678,0.273556932481518,0.0675612215260039,0.1705590770037609,245,0,0.005125
ENSG00000167434,CA4,762,983.580115063367,-1.15413304351897,0.529829622490589,0.0010592274261542,0.0440494523196444,0.1886497102152666,0.044220559503837,0.1164351348595518,456,0,0.0050999999999999995
ENSG00000111087,GLI1,2735,155.475668221852,1.2732927873105,0.502537020439751,0.0004468657263762,0.0247658013018425,0.2081270583960771,0.0523758337298955,0.1302514460629863,403,0,0.005037037037037037
ENSG00000108924,HLF,3131,1779.75098403575,-1.10419659608998,0.516555258633753,0.0011949554174011,0.0481022711883746,0.1804873095374941,0.0429740552238508,0.1117306823806724,475,0,0.005
ENSG00000140600,SH3GL3,6457,60.2304775401771,-1.76834986946117,0.738747018703836,0.0005220097887603,0.027336637618348,0.2890469970566881,0.0509771195008545,0.1700120582787713,248,0,0.004925
ENSG00000073737,DHRS9,10170,429.970458186714,1.29721756448014,0.544605775076955,0.0006447509915096,0.0318476019234103,0.2120377013720862,0.0488140711363891,0.1304258862542376,401,0,0.0046388888888888894
ENSG00000005884,ITGA3,3675,8580.46896710618,-1.07906758863106,0.457691884417229,0.0007520451874934,0.0352977557607121,0.1763798281671761,0.0473573885772077,0.1118686083721919,474,0,0.004567431561996779
ENSG00000263155,MYZAP,100820829,656.036742429146,-1.45339611506983,0.432901073376322,3.35753055070032e-05,0.0039511474450096,0.2375659872798807,0.078369897593725,0.1579679424368029,297,0,0.004535028248587571
ENSG00000158220,ESYT3,83850,1588.63915802025,-1.01933312992797,0.392069172996486,0.000436331775352,0.0243131373246032,0.1666158859704908,0.0526370816772055,0.1096264838238481,480,0,0.004485714285714286
ENSG00000275708,MIR3648-1,100500862,120.128185213015,1.6012776626733,0.653642228232715,0.0004887679938466,0.0261398553221952,0.2617380801406128,0.0516111126393605,0.1566745963899866,303,0,0.004441480433373316
ENSG00000080618,CPB2,1361,426.281790380132,-1.61932197990664,0.598047230572342,0.0002369934718857,0.0160524051331485,0.264687527984791,0.0585166218881836,0.1616020749364873,277,0,0.004399999999999999
ENSG00000115109,EPB41L5,57669,3975.18992715752,-1.23747119433089,0.405244935249041,0.0001011365691044,0.0085985908877783,0.2022718121807463,0.0673575031053812,0.1348146576430638,385,0,0.004372648615752065
ENSG00000271270,TMCC1-DT,100507032,153.232694619025,1.18875496844219,0.529943448253695,0.0009243182817002,0.0410822249251551,0.1943088637595978,0.0452081920604508,0.1197585279100243,437,0,0.00437037037037037
ENSG00000241106,HLA-DOB,3112,178.614560667408,1.17399614007695,0.500352763384623,0.0007398074441741,0.0350449080338002,0.1918964480421428,0.0474592012672864,0.1196778246547146,438,0,0.00437037037037037
ENSG00000165195,PIGA,5277,2275.25809015149,-2.06101240977574,0.480986339204286,7.31440970901384e-07,0.000246975956488,0.3368843791776168,0.1176340935525967,0.2272592363651067,128,0,0.004369233124171757
ENSG00000269404,SPIB,6689,291.810001432473,1.57189490873715,0.508836984027984,7.88376987761244e-05,0.0072208310097662,0.2569352993463983,0.0698306187051982,0.1633829590257983,270,0,0.004349252737697345
ENSG00000166292,TMEM100,55273,2644.28846413727,-1.64394679255549,0.660878186605329,0.0004064360175419,0.0231025176503806,0.2687125958020564,0.0533604178253857,0.1610365068137211,280,0,0.004221917598835757
ENSG00000049768,FOXP3,50943,69.4790314508848,1.69493237035164,0.756657405292824,0.0007308609311166,0.0347358547156545,0.2770464828962816,0.0475846482837787,0.1623155655900302,273,0,0.0042004469987228605
ENSG00000145864,GABRB2,2561,147.487173960308,-1.59896435248013,0.663835325631601,0.0005072212432034,0.026747939825157,0.261359956231909,0.0512854353979594,0.1563226958149342,307,0,0.004125
ENSG00000124171,PARD6B,84612,1102.05836343959,-1.39252701989668,0.509943575899307,0.0002416800487711,0.0162040250362782,0.2276165822004901,0.0583834836180158,0.143000032909253,348,0,0.004066666666666666
ENSG00000163815,CLEC3B,7123,450.043788722454,-1.14072457919762,0.471970995850534,0.0006307256392639,0.0313623056833505,0.1864580192981242,0.049031536503901,0.1177447779010126,447,0,0.004
ENSG00000253295,LOC101928093,101928093,113.376589766689,-1.48756888413599,0.562555214004079,0.0003041765434449,0.0191682059675626,0.2431517237058375,0.0560043339897085,0.149578028847773,332,0,0.003999999999999999
ENSG00000006468,ETV1,2115,2915.26454586157,-1.21373601309896,0.473588498046181,0.0004210719348105,0.0238147759530478,0.1983921597555302,0.0529303888355132,0.1256612742955217,414,0,0.003999695376613536
ENSG00000136542,GALNT5,11227,3169.71099143101,-1.50348170352949,0.476487552539634,6.17247286135011e-05,0.0061515353983402,0.2457527659202938,0.0721003661198724,0.1589265660200831,292,0,0.003955981949085397
ENSG00000133401,PDZD2,23037,4351.59710387172,-1.27899523120514,0.398932152333991,5.98482431206997e-05,0.005990915062476,0.2090591557779895,0.0724750623478229,0.1407671090629062,362,0,0.003955981949085397
ENSG00000111052,LIN7A,8825,788.408145911365,-1.07337226715567,0.466079776688152,0.0008640035150211,0.0394531264058337,0.1754488949858167,0.0457812253290312,0.110615060157424,477,0,0.0038666666666666667
ENSG00000133454,MYO18B,84700,36.6925717829516,3.93083596037986,1.04160653501519,1.07700190672747e-05,0.0017038471423703,0.6425178353514677,0.0902819439239195,0.3663998896376936,33,0,0.003828571428571428
ENSG00000102683,SGCG,6445,118.765981354888,-2.05646598623771,0.860970941436293,0.0004691145478786,0.0255114865785074,0.3361412399981422,0.0519557117806345,0.1940484758893883,188,0,0.0038154761904761907
ENSG00000125845,BMP2,650,1402.79235270686,-2.00826963263462,0.532644000613263,6.4602256540633e-06,0.0011156464501669,0.3282632677039489,0.096278981461165,0.2122711245825569,151,0,0.003770660432495617
ENSG00000156886,ITGAD,3681,102.836342782723,1.61155571109412,0.588238025504819,0.000219630986046,0.0152414472310451,0.2634180865030112,0.0592507913648975,0.1613344389339543,279,0,0.003684626717374173
ENSG00000075461,CACNG4,27092,169.718786531423,-1.83213459693051,0.649230431881037,0.0001642135776456,0.0124371617929805,0.2994729790704792,0.0621303797087696,0.1808016793896244,214,0,0.0036805555555555554
ENSG00000205221,VIT,5212,36.6131607074669,2.48339964841773,1.01899848233621,0.0003849790185882,0.0223232839289078,0.4059260123029302,0.0538463409212772,0.2298861766121037,123,0,0.0036666666666666666
ENSG00000197415,VEPH1,79674,2282.18062010297,-1.28036958957347,0.553517855104605,0.0007254773459187,0.0345945104199295,0.2092838025891811,0.0476423933919565,0.1284630979905688,408,0,0.003666362043280202
ENSG00000118898,PPL,5493,3094.95062810949,-1.08919617333523,0.469063965907859,0.0007623425497194,0.0356332138477322,0.1780354038220474,0.0472234315792423,0.1126294177006448,468,0,0.003666362043280202
ENSG00000277734,TRAC,28755,940.638515512804,1.40642572105595,0.551373142443874,0.0004005490730917,0.0228976557943694,0.2298884051595403,0.0534865611589709,0.1416874831592556,354,0,0.0036577226390678546
ENSG00000106537,TSPAN13,27075,3496.67467907567,-1.25345597927509,0.427291514176786,0.0001419597777089,0.0112292169619222,0.2048846175800115,0.0635773267849418,0.1342309721824766,388,0,0.003546561659230325
ENSG00000226979,LTA,4049,32.913042777511,4.14152375272441,1.19297165532369,2.12843886998137e-05,0.0028158872839525,0.6769559715740533,0.0831670298736406,0.380061500723847,27,0,0.003495238095238095
ENSG00000227039,ITGB2-AS1,100505746,171.798839410114,1.62959717415015,0.593531477105419,0.0002117344036869,0.0149689606706562,0.2663670678154274,0.0595062732276748,0.1629366705215511,272,0,0.0034846267173741737
ENSG00000243197,TUSC7,285194,163.317518319121,-1.78780829780977,0.516096167694535,2.18714576467072e-05,0.0028607138953908,0.292227589528086,0.082943355436102,0.187585472482094,202,0,0.0034647901533494756
ENSG00000111215,PRH1,5554,159.793082787851,2.1528854335359,0.951894613853479,0.0006343565700446,0.0314715979914931,0.3519015554089718,0.0489822695407604,0.2004419124748661,173,0,0.0034571428571428574
ENSG00000244116,IGKV2-28,28921,171.86403678473,1.58918764052614,0.525720165885098,9.69195290391696e-05,0.0084296087690674,0.2597618962098557,0.0676385935439399,0.1637002448768978,268,0,0.003436800630417652
ENSG00000232400,RAD17P1,9207,196.364649153564,-1.77995065344208,0.653942383264566,0.0002181421832935,0.0152315759649703,0.2909432121841884,0.0592599665984948,0.1751015893913416,233,0,0.0034191176470588234
ENSG00000043591,ADRB1,153,287.167682622295,-1.79284847340147,0.441181465766634,2.07465127676335e-06,0.0005023780829454,0.2930514353317805,0.1075780748040786,0.2003147550679296,174,0,0.003393361581920904
ENSG00000152413,HOMER1,9456,506.25896798227,-1.15377290119625,0.473210476867663,0.0005929630576512,0.0302130703901895,0.1885908428730664,0.0495602399189425,0.1190755413960045,441,0,0.0031666666666666666
ENSG00000117069,ST6GALNAC5,81849,1207.38298608531,-1.49248329858755,0.38924200089489,5.73814729502025e-06,0.001014172705119,0.243955013125,0.0976294973436392,0.1707922552343196,243,0,0.0031039937658289495
ENSG00000173930,SLCO4C1,353189,844.480162823521,-1.56067335726246,0.571837216651315,0.0002273787114698,0.015635223676539,0.2551010719618228,0.0588895457274582,0.1569953088446405,302,0,0.0030666666666666663
ENSG00000211664,IGLV2-18,28814,64.2143298893963,1.52903658097374,0.71985278753708,0.0010062071606694,0.042772345742594,0.2499298581987934,0.0446372268727638,0.1472835425357786,341,0,0.002960035449487782
ENSG00000164379,FOXQ1,94234,286.878323205348,-1.36511827046276,0.547942223720086,0.0004627814747034,0.0252886601502823,0.2231364638405595,0.0520799526026861,0.1376082082216228,374,0,0.002958333333333333
ENSG00000110195,FOLR1,2348,1784.40394460953,-1.11873967806044,0.431041726759949,0.0004057634283551,0.0231025176503806,0.1828644602609488,0.0533604178253857,0.1181124390431672,444,0,0.002952380952380952
ENSG00000254395,IGHV4-55,28393,42.3119909132335,2.67719252606209,0.948528133720484,0.000184169581949,0.0135715584769844,0.4376025771623179,0.0608942006420754,0.2492483889021967,103,0,0.002929729024523545
ENSG00000137460,FHDC1,85462,1006.78201303929,-1.15229756398319,0.510249283730003,0.0008961348747333,0.0403849786276754,0.1883496904866266,0.0454506150546531,0.1169001527706399,452,0,0.0028666666666666667
ENSG00000149488,TMC2,117532,131.519673051419,-1.51094767650261,0.656242644877742,0.000694416650738,0.0336398027615548,0.2469731223131405,0.0480387222747007,0.1475059222939206,340,0,0.0027916666666666667
ENSG00000135917,SLC19A3,80704,896.17353787647,-1.55546446375115,0.446093081490993,2.07536079144195e-05,0.002761816893223,0.2542496482399487,0.0834416152691081,0.1688456317545284,252,0,0.0027016949152542376
ENSG00000122188,LAX1,54900,664.576582127119,1.15043161801166,0.511028698023493,0.0009316231254296,0.041325705816852,0.1880446908431426,0.0451245052652144,0.1165845980541785,455,0,0.0026207070707070707
ENSG00000178726,THBD,7056,3869.1176247309,-1.15171629212587,0.515871944896494,0.0009417792521167,0.0414021660855325,0.188254678245139,0.0450983268175775,0.1166765025313582,454,0,0.0024830287099468686
ENSG00000125968,ID1,3397,4240.51956918435,-1.28599980261626,0.592320025351593,0.0009479875362377,0.0414021660855325,0.2102040934212797,0.0450983268175775,0.1276512101194286,411,0,0.0024830287099468686
ENSG00000084453,SLCO1A2,6579,574.513493938333,-1.93905619326984,0.627732197603271,7.09212269934025e-05,0.0067413904129064,0.3169499313841115,0.0708036142831261,0.1938767728336188,189,0,0.002333333333333333
ENSG00000134917,ADAMTS8,11095,1109.19958651878,-1.77549814854005,0.431916240663187,1.71349820365173e-06,0.0004424809376507,0.2902154245480776,0.1093760416602202,0.1997957331041489,178,0,0.002170660432495617
ENSG00000183607,GKN2,200504,316.059216419976,-1.82191986480002,0.527092801340942,2.19026462456399e-05,0.0028607138953908,0.2978033221213392,0.082943355436102,0.1903733387787206,197,0,0.0020600282485875704
ENSG00000114378,HYAL1,3373,1129.08637700387,-1.29183289890114,0.408973561230885,6.99609085566074e-05,0.0067064645520175,0.2111575466907964,0.0708771765118345,0.1410173616013155,360,0,0.002
ENSG00000178860,MSC,9242,180.277861555532,1.44844091503787,0.511265975284408,0.0001802838338528,0.0134163196488605,0.2367560312220958,0.0610571288213083,0.1489065800217021,334,0,0.0018022737761977028
ENSG00000161896,IP6K3,117283,86.1461697825237,-1.7368340929553,0.624390831709647,0.000196253343355,0.0142302544446183,0.2838955614068485,0.0602229990644044,0.1720592802356265,236,0,0.0017916666666666665
ENSG00000241213,LINC02024,105374057,129.345313060868,-1.54528726040878,0.604624115690138,0.0003755404352917,0.0221246126760563,0.2525861255879275,0.0539729446532374,0.1532795351205824,318,0,0.0017916666666666665
ENSG00000176771,NCKAP5,344148,2745.24877781524,-1.52428200403332,0.373692155003054,2.0874128009935e-06,0.0005023780829454,0.2491526951437685,0.1075780748040786,0.1783653849739236,223,0,0.0017073283622669945
ENSG00000109819,PPARGC1A,10891,601.636546325268,-1.47825549555009,0.437662013331074,3.13854237489101e-05,0.0037767683056999,0.2416293965636433,0.0790091401451417,0.1603192683543925,285,0,0.0017016949152542373
ENSG00000183287,CCBE1,147372,1148.28048294395,-1.54667648287392,0.461190254724115,3.28807717008384e-05,0.0038971043641871,0.2528132020215717,0.0785649421498469,0.1656890720857093,264,0,0.0017016949152542373
ENSG00000268388,FENDRR,400550,3167.68253018023,-1.50377291890058,0.506518332705986,0.0001149556081997,0.009491389504759,0.2458003667542486,0.0659584693482784,0.1558794180512635,310,0,0.0015465616592303247
ENSG00000065054,NHERF2,9351,1783.06837025723,-1.15211162222617,0.365449062391074,7.72101266708836e-05,0.0071467125472616,0.1883192972327676,0.0699767379876503,0.129148017610209,407,0,0.0015
ENSG00000159713,TPPP3,51673,1137.53695746011,-1.08763631707274,0.505563844401768,0.0011848518891504,0.047890788331326,0.1777804363089442,0.0430364568398326,0.1104084465743884,478,0,0.0015
ENSG00000106688,SLC1A1,6505,1582.51395295597,-1.43918815806778,0.478218060709391,0.0001062491756134,0.0089025003700147,0.2352436146676078,0.0668655965847803,0.1510546056261941,326,0,0.0015
ENSG00000103034,NDRG4,65009,743.219886224106,-1.14963951301657,0.447375115429064,0.0004232117145766,0.0238345697343718,0.1879152167078833,0.0529186227594816,0.1204169197336824,434,0,0.0013333333333333333
ENSG00000138772,ANXA3,306,2875.68107441827,-1.72534448135434,0.421632908741757,1.87085777585577e-06,0.0004651034666284,0.2820175180467881,0.1086698803886778,0.195343699217733,186,0,0.0013073283622669946
ENSG00000164120,HPGD,3248,3932.91441911158,-1.75640770876009,0.429493064941708,1.86889574338929e-06,0.0004651034666284,0.2870949819330817,0.1086698803886778,0.1978824311608798,181,0,0.0013073283622669946
ENSG00000105227,PRX,57716,2502.45944061453,-1.68594229663517,0.402570384729511,1.25508930683052e-06,0.0003420950046798,0.2755770034363964,0.1130200939702089,0.1942985487033027,187,0,0.0013073283622669946
ENSG00000134115,CNTN6,27255,575.603474126505,-1.42675211665065,0.398599689157685,1.54151746691014e-05,0.002207199345184,0.2332108718891726,0.0866162683421845,0.1599135701156785,287,0,0.0013016949152542371
ENSG00000186810,CXCR3,2833,168.62971457153,1.4419750662966,0.637412789493763,0.0007500924862765,0.0352792979564128,0.2356991509099117,0.0473647961567095,0.1415319735333106,356,0,0.0012776999688764393
ENSG00000158457,TSPAN33,340348,652.008695647894,1.27156227413682,0.490533148388847,0.0003842705443637,0.0223232839289078,0.2078441960254244,0.0538463409212772,0.1308452684733508,399,0,0.0011722222222222223
ENSG00000079263,SP140,11262,1009.04201903862,1.18361939702436,0.44623844886631,0.0003423329578884,0.0205787303148358,0.1934694249572831,0.0549987481724165,0.1242340865648498,420,0,0.001172222222222222
ENSG00000170323,FABP4,2167,1056.18217867602,-1.80383228485004,0.776170607357204,0.000573568433819,0.0293571010821012,0.2948468027363164,0.049967262996523,0.1724070328664197,235,0,0.001
ENSG00000137745,MMP13,4322,30.1959494528261,2.89103263890097,1.26516570176913,0.0007236373909476,0.0345945104199295,0.4725559783719866,0.0476423933919565,0.2600991858819716,91,0,0.001
ENSG00000016402,IL20RA,53832,308.346612857944,-1.76980804020677,0.722559609559261,0.0004386700650743,0.0243833731748844,0.2892853434848981,0.0525962289454155,0.1709407862151568,241,0,0.0009583333333333333
ENSG00000211789,TRAV12-2,28673,53.3958466536736,2.1772702600381,0.890284437362311,0.0004346791568639,0.0243131373246032,0.3558873961048274,0.0526370816772055,0.2042622388910164,165,0,0.0007238095238095238
ENSG00000133116,KL,9365,830.09493913451,-1.18680646564425,0.449402344128868,0.0003435705913315,0.0205787303148358,0.1939903697261333,0.0549987481724165,0.1244945589492749,418,0,0.0006666666666666666
ENSG00000148488,ST8SIA6,338596,1413.39109384727,-1.12445145846092,0.375813592463938,0.0001309836796904,0.0104708260976547,0.1837980837486521,0.0645676323241636,0.1241828580364079,421,0,0.0006666666666666666
ENSG00000183579,ZNRF3,84133,996.795312871786,-1.09597555492937,0.4485823382435,0.0006085218120715,0.030728993201997,0.17914353288945,0.0493204462297861,0.114231989559618,465,0,0.0006666666666666666
ENSG00000175318,GRAMD2A,196996,543.448282130613,-1.17396910041154,0.44344085795219,0.0003415626935316,0.0205787303148358,0.1918920282526977,0.0549987481724165,0.1234453882125571,423,0,0.0006666666666666666
ENSG00000211772,TRBC2,28638,1270.93227938823,1.29151490970945,0.5488309782003,0.0006658276637441,0.0326746621190546,0.2111055695212657,0.0484509837949564,0.1297782766581111,405,0,0.0006388888888888888
ENSG00000204128,C2orf72,257407,67.624183468198,-1.69207240498831,0.804640749431237,0.0009994735194199,0.0426270147927799,0.276579005043492,0.0446854287232459,0.1606322168833689,282,0,0.000625
ENSG00000167757,KLK11,11012,286.056178795196,-1.68088815413973,0.838982488570422,0.0011554706005107,0.0469303615715506,0.2747508746616373,0.0433233589124457,0.1590371167870415,291,0,0.000625
ENSG00000095585,BLNK,29760,650.537292808436,1.31457197497565,0.422686575142521,8.30984594147583e-05,0.0075499455716469,0.2148743799762725,0.0691994064039284,0.1420368931901005,351,0,0.0003055555555555556
ENSG00000103241,FOXF1,2294,1186.48229010907,-1.13154106057699,0.432704172074706,0.0003804052089221,0.0222374858952111,0.1849569201516549,0.0539008771353014,0.1194288986434781,439,0,0.0002857142857142857
ENSG00000261143,ADAMTS7P3,400406,545.379382655665,-1.80215193833303,0.455437957774841,3.20468146846539e-06,0.0006971106621258,0.2945721403953712,0.1029386728539534,0.1987554066246623,179,0,0.0001706604324956166
ENSG00000165197,VEGFD,2277,1277.87185257337,-1.67934336564225,0.423864662567026,3.25424589063299e-06,0.0006986417716592,0.27449837006173,0.1029076016673045,0.1887029858645172,201,0,0.0001706604324956166
ENSG00000180730,SHISA2,387914,805.893001588842,-2.06769742809664,0.55463216290868,7.52487715192264e-06,0.0012610021911699,0.3379770840231313,0.0945445011056015,0.2162607925643664,146,0,0.0001706604324956166
ENSG00000203727,SAMD5,389432,892.794276796913,-1.3267797687531,0.365066395271769,1.31566569980737e-05,0.0019453794200485,0.2168698143600432,0.0884044889331408,0.152637151646592,319,0,0.0001016949152542373
ENSG00000159307,SCUBE1,80274,734.713395168167,-1.36521012918016,0.373599289864731,1.20289345987733e-05,0.0018387201853246,0.2231514786783337,0.0892030548164638,0.1561772667473988,308,0,0.0001016949152542373
ENSG00000097096,SYDE2,84144,1457.76241790864,-1.39832150956312,0.384981943228083,1.28739295238644e-05,0.0019160980764367,0.2285637249952985,0.0886192747579501,0.1585914998766243,293,0,0.0001016949152542373
ENSG00000168952,STXBP6,29091,1154.38996816903,-1.42542646879947,0.388279001374183,1.0989633084106e-05,0.0017265171476509,0.2329941870932758,0.0900947561412125,0.1615444716172442,278,0,0.0001016949152542373
ENSG00000154639,CXADR,1525,1509.6576816638,-1.49690692293341,0.544478330649746,0.0002175002844107,0.0152315759649703,0.2446780800674412,0.0592599665984948,0.151969023332968,323,0,0.0
ENSG00000142748,FCN3,8547,1630.34019480795,-1.54711666039745,0.702569919508838,0.0008097341635704,0.0377122271135624,0.2528851515794875,0.0464203488435985,0.149652750211543,331,0,0.0
ENSG00000196260,SFTA2,389376,1063.85386344727,-1.54722765839254,0.560699192018434,0.0002006269249894,0.0143632371013834,0.252903294842715,0.0600912672283286,0.1564972810355218,306,0,0.0
ENSG00000102934,PLLP,51090,918.29339530908,-1.18299956280135,0.368332494527075,6.28404536809007e-05,0.0062080331162577,0.1933681094744547,0.0719708897780806,0.1326694996262676,392,0,0.0
ENSG00000177181,RIMKLA,284716,497.590020286526,-1.23002810257399,0.403059304056348,0.0001027332519547,0.0086399046801904,0.2010551958548126,0.0672896208392947,0.1341724083470536,389,0,0.0
ENSG00000166510,CCDC68,80323,1502.85751333062,-1.20428038948229,0.398190306538104,0.000112186922997,0.0092967207288023,0.196846583476256,0.0662519561255996,0.1315492698009278,396,0,0.0
ENSG00000171033,PKIA,5569,565.581583137173,-1.2185499527974,0.385099505957291,7.20542751668847e-05,0.0067638334734457,0.1991790259961289,0.0707565446848942,0.1349677853405115,383,0,0.0
ENSG00000254003,SRI-AS1,102723885,519.775205618416,-1.3969535055121,0.643262732539432,0.0009378927832785,0.0414021660855325,0.2283401168339626,0.0450983268175775,0.1367192218257701,378,0,0.0
ENSG00000228100,LINC01820,105374582,759.809193062216,-1.61827026953538,0.535272469376121,9.48508148666227e-05,0.0082849806360139,0.2645156198517705,0.0678836847367188,0.1661996522942446,258,0,0.0
ENSG00000114654,EFCC1,79825,787.235361476172,-1.30261423853409,0.421768728248967,8.75613314663908e-05,0.0078296442757476,0.2129198189079465,0.068684233056851,0.1408020259823987,361,0,0.0
ENSG00000225383,SFTA1P,207107,1063.45027022363,-1.51819129117394,0.481695695532898,6.51483736797366e-05,0.0063687825375325,0.2481571329576074,0.0716088450959607,0.1598829890267841,288,0,0.0
ENSG00000150625,GPM6A,2823,1180.38588593473,-1.56013510690893,0.527346743958719,0.0001164267130123,0.009558513624486,0.2550130918335465,0.0658586654676777,0.1604358786506121,284,0,0.0
ENSG00000168026,TTC21A,199223,1042.25452852595,-1.36905640463503,0.495211118592331,0.000218929801132,0.0152395350492637,0.2237801746107861,0.0592525682527444,0.1415163714317653,357,0,0.0
ENSG00000134569,LRP4,4038,1432.80799088275,-1.71846013099709,0.601482157739924,0.0001489505099053,0.0115797504659441,0.2808922312289394,0.063141997481001,0.1720171143549702,237,0,0.0
ENSG00000167588,GPD1,2819,596.984242471303,-1.87223139193785,0.777182622427492,0.0004601076071379,0.0252645980492296,0.3060270317433254,0.0520934342892658,0.1790602330162956,219,0,0.0
ENSG00000159708,LRRC36,55282,605.002068684677,-1.30477287398871,0.525397575726762,0.00048320421015,0.0259878067544267,0.2132726603375037,0.0516937307229487,0.1324831955302262,393,0,0.0
ENSG00000106025,TSPAN12,23554,1402.76609619895,-1.23043526713017,0.42111954634875,0.0001510758059472,0.0116707440474242,0.2011217492525899,0.0630311462345407,0.1320764477435653,395,0,0.0
ENSG00000168907,PLA2G4F,255189,1015.15143526933,-1.64015571539097,0.512937849195942,5.37135078187785e-05,0.0054984646487974,0.2680929223488904,0.073689826260246,0.1708913743045682,242,0,0.0
ENSG00000124920,MYRF,745,1328.51978662503,-1.19649428300927,0.508398836453683,0.0007014360125727,0.0338349401117999,0.1955738994143199,0.0479568078897406,0.1217653536520303,427,0,0.0
ENSG00000171368,TPPP,11076,826.502411867706,-1.16895491212824,0.411190669439195,0.0001989960423183,0.0143632371013834,0.1910724302246184,0.0600912672283286,0.1255818487264735,415,0,0.0
ENSG00000144681,STAC,6769,636.320842072993,-1.85616269522922,0.674218269122421,0.000199590506194,0.0143632371013834,0.3034005104816367,0.0600912672283286,0.1817458888549827,213,0,0.0
ENSG00000128268,MGAT3,4248,999.22185086073,-1.14537058335427,0.436548598152924,0.0003707937093564,0.0219020002265584,0.1872174355047156,0.0541161626758425,0.1206667990902791,431,0,0.0
ENSG00000154319,FAM167A,83648,782.921565990996,-2.05091246193314,0.677246089505977,8.2423834189549e-05,0.0075188483906055,0.3352334843831256,0.0692578588840161,0.2022456716335708,170,0,0.0
ENSG00000125798,FOXA2,3170,629.410667030463,-1.18615536206788,0.520086381050408,0.0008349540903451,0.0387073081677845,0.1938839430869411,0.0460515085055956,0.1199677257962683,436,0,0.0
ENSG00000169891,REPS2,9185,1615.76341834537,-1.19330059707749,0.523403688576557,0.000827049206131,0.0384195773928192,0.1950518730076312,0.0461571762250396,0.1206045246163354,432,0,0.0
ENSG00000170561,IRX2,153572,909.984158051134,-1.1222938113994,0.42328167781251,0.0003480086930525,0.0207448628589647,0.1834454038776543,0.0548848756929373,0.1191651397852958,440,0,0.0
ENSG00000137819,PAQR5,54852,684.087425546763,-1.15164891203487,0.486920963263621,0.0007241451121957,0.0345945104199295,0.1882436645801956,0.0476423933919565,0.1179430289860761,446,0,0.0
ENSG00000169252,ADRB2,154,1160.59201440871,-1.07418122866291,0.371346810692366,0.0001836566345622,0.0135715584769844,0.1755811244153207,0.0608942006420754,0.118237662528698,443,0,0.0
ENSG00000245293,CYP2U1-AS1,101929595,700.223595059486,-2.17383447995972,0.800526606489375,0.0001959964310689,0.0142302544446183,0.3553257980119649,0.0602229990644044,0.2077743985381847,156,0,0.0
ENSG00000162545,CAMK2N1,55450,718.049042394082,-1.09109522294403,0.430271731797005,0.0004836169669634,0.0259878067544267,0.1783458144461919,0.0516937307229487,0.1150197725845703,460,0,0.0
