ENSEMBL,SYMBOL,ENTREZID,baseMean,log2FoldChange,lfcSE,pvalue,padj,FC_score,P_score,TargetRankAI_score,Rank
ENSG00000118785,SPP1,6696,1088.41127484888,5.88271812736866,0.480962095347292,9.541903734472619e-36,2.15866488184974e-31,0.9615642462003149,1.0,0.9807821231001574,1
ENSG00000012223,LTF,4057,4432.45800515217,4.39160888317312,0.360522091221046,2.32871172932416e-35,2.63412227262503e-31,0.7178338301998217,0.9971808769846255,0.8575073535922236,2
ENSG00000100985,MMP9,4318,2416.72369870546,4.91762001601764,0.508982941016151,2.15984245081101e-23,1.62873719215658e-19,0.8038133871827526,0.6126740517102971,0.7082437194465249,3
ENSG00000134028,ADAMDEC1,27299,1357.56772303395,5.07759947620922,0.630746778063742,3.25051501066302e-17,1.47072802172459e-13,0.8299629537123763,0.4184616560034223,0.6242123048578992,4
ENSG00000262406,MMP12,4321,448.807247442286,4.77179050261274,0.591368158075092,4.38108675228591e-17,1.6518887599493998e-13,0.7799767111607343,0.41681655277148993,0.5983966319661121,5
ENSG00000138615,CILP,8483,605.255282731887,3.53624737844774,0.372458037215767,1.21142044306531e-22,6.85149117086664e-19,0.5780200531817608,0.5923278097001509,0.5851739314409559,6
ENSG00000198183,BPIFA1,51297,243.372110559677,6.11786279555902,2.75710757138428,0.0002711084612742,0.0178293218587404,1.0,0.057029796464858534,0.5285148982324293,7
ENSG00000019186,CYP24A1,1591,70.4766108335678,4.86012170445988,0.834811720341957,1.87572829288694e-10,2.65216257312383e-07,0.7944149561490429,0.21445377879093208,0.5044343674699875,8
ENSG00000133063,CHIT1,1118,7853.10907523476,4.43202301301311,0.690419227401385,6.072825942624889e-12,1.24895946636366e-08,0.724439753083435,0.2577284091186375,0.49108408110103624,9
ENSG00000184530,C6orf58,352999,99.3864351169653,5.22479150608364,1.2670326757877,1.33899704634051e-06,0.0003606205973733,0.8540223409188477,0.11227321031400522,0.4831477756164264,10
ENSG00000117215,PLA2G2D,26279,468.646811040042,4.17466567967448,0.627428695834076,1.15439689554637e-12,3.2644901209931803e-09,0.6823732109037957,0.2767310995627953,0.4795521552332955,11
ENSG00000270547,LINC01235,401492,30.0851185106877,5.32957230252447,1.90581957473122,0.0003030903694608,0.0191531101349518,0.8711493671275575,0.05601549173586521,0.46358242943171135,12
ENSG00000134339,SAA2,6289,65.8115188637707,4.39900085586258,0.755840433082462,5.41734561786905e-10,6.12783049565258e-07,0.7190420908190082,0.20259345144565732,0.46081777113233274,13
ENSG00000117983,MUC5B,727897,4878.56875366327,5.07995608966654,1.50039105830413,1.79110460118449e-05,0.0024409734573853,0.8303481557896493,0.0851905277018685,0.4577693417457589,14
ENSG00000142583,SLC2A5,6518,238.469067577156,3.88627973408928,0.593583100312164,3.38565881852056e-12,7.65937594513905e-09,0.6352348628855072,0.2646532196637639,0.44994404127463555,15
ENSG00000263639,MSMB,4477,280.030573051042,4.9513134204097,2.15466974899381,0.0002925075271934,0.0186405571484462,0.8093207686847566,0.05639964644353969,0.4328602075641481,16
ENSG00000230657,PRB4,5545,1401.51649198587,4.9019322470077,3.74715456436604,0.0009629852499659,0.0417054510021871,0.8012491307529863,0.04499496224608497,0.42312204649953566,17
ENSG00000243466,IGKV1-5,28299,1974.72407451595,3.68068195640791,0.613337666757036,8.9249306462807e-11,1.34605804007205e-07,0.6016287189506327,0.22405849198071806,0.4128436054656754,18
ENSG00000211891,IGHE,3497,114.698236742329,4.28336833064068,1.00955557300213,9.50059172827227e-07,0.0002814903678115,0.7001412868804434,0.11578157918448265,0.407961433032463,19
ENSG00000104918,RETN,56729,135.13040953365,-4.08128598434309,0.939818811901594,5.2779704128494e-07,0.0001893184365796,0.6671097605042255,0.12139925575528679,0.39425450812975615,20
ENSG00000196549,MME,4311,3371.11041168014,-3.14836477195795,0.481844028763738,2.7915379494275297e-12,7.016995892210991e-09,0.5146184014200776,0.2658937594802596,0.39025608045016863,21
ENSG00000149968,MMP3,4314,41.3304125361845,4.01926447055224,0.928531253271466,8.71135305448896e-07,0.000270335795603,0.6569719859474192,0.11635420324497249,0.38666309459619586,22
ENSG00000292339,ASMTL,8623,29.4083640008256,4.10406215919624,1.03391378944146,3.82203229846509e-06,0.0007651843954705,0.670832657799288,0.1016191455595323,0.3862259016794102,23
ENSG00000111012,CYP27B1,1594,313.305791783863,3.71199441729381,0.748027518132027,2.62901704908114e-08,1.69932150575322e-05,0.6067469214883932,0.15553881354655627,0.3811428675174747,24
ENSG00000168542,COL3A1,1281,60653.4156204064,2.43485734770763,0.321736677773269,2.19625208986513e-15,7.097973004145549e-12,0.3979914929565112,0.3635600664457227,0.380775779701117,25
ENSG00000172724,CCL19,6363,1077.83571118736,3.25650576187045,0.535190116013734,5.243255587635719e-11,9.88484759659024e-08,0.5322946706543272,0.22843123764651724,0.3803629541504222,26
ENSG00000226979,LTA,4049,32.913042777511,4.14152375272441,1.19297165532369,2.12843886998137e-05,0.0028158872839525,0.6769559715740533,0.08316702987364066,0.380061500723847,27
ENSG00000211448,DIO2,1734,399.465626668865,3.22939028505443,0.537324934052933,8.452423442543159e-11,1.34605804007205e-07,0.5278624893972216,0.22405849198071806,0.3759604906889698,28
ENSG00000197993,KEL,3792,53.1897386618393,3.73096821457359,0.804245769407175,1.18824717521652e-07,5.97371463220517e-05,0.6098482982132116,0.1377349846694473,0.3737916414413295,29
ENSG00000160161,CILP2,148113,133.939233546698,3.82167899263977,0.910840883882166,9.58085060402809e-07,0.0002814903678115,0.624675498674789,0.11578157918448265,0.3702285389296358,30
ENSG00000138755,CXCL9,4283,6446.16007587532,3.65551229762922,0.779112871878776,1.09912314062264e-07,5.78266576983857e-05,0.5975145928873675,0.13819531422426437,0.36785495355581593,31
ENSG00000185664,PMEL,6490,657.054585164115,3.71405709609267,0.834901416924176,3.28903713640846e-07,0.0001305401528718,0.6070840782484888,0.12666403654074207,0.3668740573946154,32
ENSG00000133454,MYO18B,84700,36.6925717829516,3.93083596037986,1.04160653501519,1.07700190672747e-05,0.0017038471423703,0.6425178353514677,0.09028194392391953,0.3663998896376936,33
ENSG00000148346,LCN2,3934,393.09805236786,3.1595701159229,0.556077745814252,5.81348132872255e-10,6.26278038569954e-07,0.5164499795936,0.20228495029490617,0.3593674649442531,34
ENSG00000094755,GABRP,2568,159.789484350642,3.66838744257596,0.886480977205642,1.36052766660421e-06,0.0003621084400186,0.5996191096732107,0.11221490046578524,0.35591700506949797,35
ENSG00000104951,IL4I1,259307,318.691806024628,3.15797379127164,0.5827628430082,2.46240951433387e-09,2.1425804016452e-06,0.5161890511117747,0.18486588123496545,0.35052746617337005,36
ENSG00000130226,DPP6,1804,79.7509507314342,-3.55555910603357,0.827262297432142,7.84003242063302e-07,0.0002533786477885,0.581176666566397,0.1172716268075912,0.3492241466869941,37
ENSG00000165474,GJB2,2706,91.8035373546765,3.28828859021489,0.647834437062415,1.67063760092023e-08,1.25982781485395e-05,0.5374897574692049,0.15977689957210334,0.3486333285206541,38
ENSG00000157766,ACAN,176,330.467935296256,3.50468158759488,0.791389129899537,4.00749171786511e-07,0.0001554045787119,0.5728604423981103,0.12419484751200219,0.3485276449550562,39
ENSG00000133048,CHI3L1,1116,5005.81085815355,3.39835829457886,0.730052258461167,1.30918943733602e-07,6.3016580086921e-05,0.5554812862174257,0.1369781041430692,0.34622969518024743,40
ENSG00000197614,MFAP5,8076,159.488423432189,2.97735889226226,0.52181502608104,4.91401103327428e-10,6.12783049565258e-07,0.4866665029532104,0.20259345144565732,0.3446299771994339,41
ENSG00000162078,ZG16B,124220,259.553396721385,3.62005966784112,0.977975679681961,6.79591249012966e-06,0.0011506050374068,0.5917196558361746,0.09584202313326515,0.3437808394847199,42
ENSG00000211933,IGHV6-1,28385,111.646023782985,3.31580043531423,0.696359441941088,6.15689298360011e-08,3.66545763073646e-05,0.5419867274109484,0.1446520116585529,0.3433193695347507,43
ENSG00000188257,PLA2G2A,5320,50.4165060613548,3.46460587019959,0.786388121764206,6.04927067199059e-07,0.000210542539096,0.566309834982661,0.11989442220937827,0.34310212859601963,44
ENSG00000137558,PI15,51050,779.732476744794,3.26648513978056,0.711220140130258,1.81265578166976e-07,8.36892076504389e-05,0.533925857597152,0.13296012429493168,0.33344299094604185,45
ENSG00000144130,NT5DC4,284958,62.6938999733453,3.56267528867887,1.04907157279038,2.6547020123549e-05,0.0033117217102623,0.582339847710385,0.08087005622300272,0.3316049519666939,46
ENSG00000211663,IGLV3-19,28797,1107.63590093797,3.35009772233647,0.799361277942692,1.01762260809385e-06,0.0002914136235811,0.5475928170158243,0.11529092492474559,0.33144187097028494,47
ENSG00000021852,C8B,732,169.001038945459,-3.40645184025273,0.854706090547719,2.5302683656976e-06,0.0005724226123717,0.5568042229919714,0.10572956376970341,0.3312668933808374,48
ENSG00000108821,COL1A1,1277,27657.9557106395,2.75615390904986,0.479488341824564,5.30615829514019e-10,6.12783049565258e-07,0.45050927115439116,0.20259345144565732,0.32655136130002427,49
ENSG00000026751,SLAMF7,57823,2910.65350345144,3.05594568941365,0.641484125113594,8.12978273877649e-08,4.48585548534977e-05,0.4995119687273753,0.14179159281048653,0.3206517807689309,50
ENSG00000134398,ERN2,10595,83.7457729811525,3.4579442722153,1.12308907858405,5.49845169217769e-05,0.005603219487934,0.5652209583264003,0.07342255151988691,0.31932175492314363,51
ENSG00000152766,ANKRD22,118932,443.293967437539,3.26318948806698,0.825017275966543,2.75557561702705e-06,0.0006172216552871,0.5333871642946523,0.1046624349868671,0.3190247996407597,52
ENSG00000197506,SLC28A3,64078,152.509729189328,2.89172553017482,0.577028412495145,2.03316399105334e-08,1.43738340529999e-05,0.4726692354516245,0.15790962702751615,0.3152894312395703,53
ENSG00000186818,LILRB4,11006,1738.66200729297,2.86072410827767,0.580436713269026,3.53953142735347e-08,2.16418431029777e-05,0.467601874032592,0.15211419589581515,0.3098580349642036,54
ENSG00000211970,IGHV4-61,28391,91.1881629273523,2.99022923243384,0.673141820917131,2.96408488278405e-07,0.0001219208950967,0.4887702343708098,0.1276314321484322,0.308200833259621,55
ENSG00000180440,SERTM1,400120,178.134348288253,-2.92154027259449,0.630848888970375,1.55530620785173e-07,7.3303525708812e-05,0.4775426272578795,0.1348366305259817,0.3061896288919306,56
ENSG00000186081,KRT5,3852,151.855708522936,3.22370687083849,0.953648467613291,2.20025733898248e-05,0.0028607138953908,0.5269335025261749,0.08294335543610207,0.3049384289811385,57
ENSG00000244575,IGKV1-27,28935,314.519857491974,2.86026365413566,0.610811859806789,1.17624721096787e-07,5.97371463220517e-05,0.4675266101443034,0.1377349846694473,0.3026307974068754,58
ENSG00000236467,KCNMA1-AS1,101929328,83.9418147173539,3.0561391376498,0.805490992896696,4.65896173970056e-06,0.0008639318970266,0.49954358895859236,0.09990018246115999,0.2997218857098762,59
ENSG00000137648,TMPRSS4,56649,118.955365703313,3.16649313358496,0.961447839666051,2.75455527294173e-05,0.0034052625103694,0.5175815868056945,0.08047558563426888,0.29902858621998174,60
ENSG00000164619,BMPER,168667,512.190643231368,-2.26445359434373,0.37353517944675,6.32661731476424e-11,1.10097741163009e-07,0.37013801551540276,0.22690483336410744,0.2985214244397551,61
ENSG00000156076,WIF1,11197,2401.57589340047,-2.67777235123903,0.531263989322906,1.87907486556549e-08,1.3713003446351e-05,0.43769735293554396,0.15857616863360188,0.2981367607845729,62
ENSG00000224215,C10orf67-AS1,105376453,64.7541993605982,-3.02546876952556,0.786401842344906,4.60869784156765e-06,0.0008639318970266,0.49453034019032915,0.09990018246115999,0.29721526132574455,63
ENSG00000088882,CPXM1,56265,429.554464831989,2.46591967397655,0.449525245363859,2.02152091536242e-09,1.9055361528435e-06,0.4030688095467866,0.18652636003169873,0.2947975847892427,64
ENSG00000237988,OR2I1P,442197,775.081714153973,2.88680206085807,0.687151991619243,1.00327536338425e-06,0.0002909884428954,0.4718644659624617,0.11531160301833907,0.2935880344904004,65
ENSG00000211973,IGHV1-69,28461,71.1451257905635,3.02845708448834,0.863002604420265,1.60144442490785e-05,0.0022557743277316,0.4950187975262715,0.08630797419706082,0.2906633858616662,66
ENSG00000166923,GREM1,26585,375.259770368777,2.72101300810732,0.590085839139223,1.8550071559239e-07,8.39316537769327e-05,0.444765287983005,0.13291915605716528,0.28884222202008514,67
ENSG00000224373,IGHV4-59,28392,1594.33514785795,2.80989083628675,0.657601117041374,7.56837458586196e-07,0.0002481736182354,0.4592928822016833,0.11756558285114913,0.2884292325264162,68
ENSG00000166961,MS4A15,219995,591.28039914201,-2.31345497454076,0.414229497264665,1.07256870141537e-09,1.05498790139652e-06,0.3781475740548,0.1948995180767162,0.2865235460657581,69
ENSG00000211883,TRAJ6,28749,26.2174172331759,3.14133841737091,1.21925872428923,0.0002407388791837,0.0162040250362782,0.5134699031909018,0.058383483618015895,0.28592669340445886,70
ENSG00000183019,MCEMP1,199675,505.630617425145,-2.86899083916668,0.737299674885785,3.75997099343122e-06,0.0007594805695035,0.46895311893056696,0.10172510841914367,0.2853391136748553,71
ENSG00000236841,LOC101929532,101929532,30.8682568546489,3.03421685969266,0.966633206363708,6.77305504970594e-05,0.0065372548213192,0.49596026604179644,0.07123908502295775,0.2835996755323771,72
ENSG00000188820,CALHM6,441168,199.222673473338,2.85839677570721,0.76740555409014,6.7380888614045e-06,0.0011506050374068,0.4672214580853515,0.09584202313326515,0.2815317406093083,73
ENSG00000156113,KCNMA1,3778,1660.61705306587,2.5495492288729,0.53076142963581,6.63094341198162e-08,3.82279320163646e-05,0.4167385431925063,0.14405680160787226,0.2803976724001893,74
ENSG00000251039,IGKV2D-40,28878,29.4247784779383,3.03184490668517,1.07297230601621,0.0001949751354063,0.0142302544446183,0.4955725566264738,0.060222999064404474,0.2778977778454391,75
ENSG00000224137,LINC01857,102724714,121.548524058986,2.70517860310569,0.648831120855485,1.23696753143988e-06,0.0003412672739483,0.44217706305368426,0.11305440218250058,0.2776157326180924,76
ENSG00000145423,SFRP2,6423,1923.23560872939,2.72393220795591,0.678363939036449,2.4050503405301e-06,0.0005566582850323,0.4452424480544452,0.10612505640997143,0.2756837522322083,77
ENSG00000137673,MMP7,4316,395.096732508762,2.36336764941431,0.46875183010828,2.20290947798847e-08,1.5101945794101e-05,0.3863060889711171,0.1572098158312717,0.2717579524011944,78
ENSG00000164509,IL31RA,133396,93.3625207842141,2.81632631767084,0.829577946490201,2.24521587892427e-05,0.002902486790223,0.46034479879398765,0.08273805104690105,0.27154142492044436,79
ENSG00000169245,CXCL10,3627,1193.59407276151,2.65126732058504,0.66148530285811,2.4359797647615e-06,0.0005566582850323,0.4333649526284906,0.10612505640997143,0.269745004519231,80
ENSG00000244437,IGKV3-15,28913,786.445125352802,2.50028409269109,0.549574642773613,2.36915016094738e-07,0.0001029372631465,0.408685872214404,0.13002841803479961,0.2693571451246018,81
ENSG00000211598,IGKV4-1,28908,2875.11207367791,2.55199607921849,0.600198304455501,8.72320783230447e-07,0.000270335795603,0.4171384950102172,0.11635420324497249,0.2667463491275949,82
ENSG00000232216,IGHV3-43,28426,93.3433024447043,2.73006290599804,0.774095598422831,1.55883056582982e-05,0.0022179511880986,0.44624454604961117,0.08654744820798664,0.2663959971287989,83
ENSG00000047457,CP,1356,1979.02361294114,2.49202681674899,0.564096442666841,4.31211668597881e-07,0.0001625883596448,0.40733617278209666,0.12355486324029982,0.26544551801119826,84
ENSG00000224041,IGKV3D-15,28875,109.543502522796,2.62003855346334,0.676787291467501,3.72910168742999e-06,0.0007594805695035,0.4282604303197574,0.10172510841914367,0.26499276936945054,85
ENSG00000169248,CXCL11,6373,231.686520602018,2.62490361099815,0.687170374249042,5.2024537848435e-06,0.0009415608957961,0.4290556520658779,0.0986815973719881,0.263868624718933,86
ENSG00000137573,SULF1,23213,2694.7285825088,1.95483266991659,0.336547257203147,3.15952970376221e-10,4.20459061695367e-07,0.3195286875893344,0.2079278287649655,0.26372825817714995,87
ENSG00000211934,IGHV1-2,28474,188.555924922285,2.7598993806431,0.87940300012832,5.1544647577465e-05,0.0053490576245183,0.4511214901135935,0.07407997277292619,0.26260073144325985,88
ENSG00000211952,IGHV4-28,28400,52.9948022047866,2.66284697613026,0.742171928996583,1.2504240247291e-05,0.0018900316679062,0.4352577141911765,0.08881325799300185,0.26203548609208915,89
ENSG00000079215,SLC1A3,6507,3113.50446653479,2.52141062777982,0.618475804764749,1.86530272795491e-06,0.0004651034666284,0.41213912636454053,0.10866988038867788,0.2604045033766092,90
ENSG00000137745,MMP13,4322,30.1959494528261,2.89103263890097,1.26516570176913,0.0007236373909476,0.0345945104199295,0.47255597837198665,0.047642393391956576,0.2600991858819716,91
ENSG00000112837,TBX18,9096,88.9184887445513,2.7867840459021,1.00618586074892,0.0001623853696909,0.0124109601976973,0.45551594388894057,0.062160246882172046,0.2588380953855563,92
ENSG00000140511,HAPLN3,145864,703.948451459282,2.43021602226446,0.562630849368094,6.84644318835814e-07,0.0002346774003791,0.39723284151265426,0.11835748562609094,0.2577951635693726,93
ENSG00000181617,FDCSP,260436,67.1245422574776,2.67437205941963,0.825573615480208,4.14266861388699e-05,0.0045494947598041,0.43714155560352985,0.07637288779521545,0.25675722169937265,94
ENSG00000136160,EDNRB,1910,4594.96732109324,-1.90008474872456,0.334807745044245,6.50198240788575e-10,6.68610672789088e-07,0.3105798237423433,0.2013586379741331,0.2559692308582382,95
ENSG00000164530,PI16,221476,355.375755904083,2.65947945522781,0.829013263795144,4.5371024764874e-05,0.0048416447795082,0.4347072734547653,0.07549145829023136,0.2550993658724983,96
ENSG00000211896,IGHG1,3500,55670.6687666242,2.48450463911356,0.622239896066169,2.97930715516247e-06,0.0006607928016788,0.4061066294126556,0.10369640331087795,0.2549015163617668,97
ENSG00000188282,RUFY4,285180,95.3972462256258,2.64865330832573,0.843225837301821,5.8234419961351e-05,0.0058552768123806,0.4329376772307476,0.07279938866775565,0.2528685329492516,98
ENSG00000211938,IGHV3-7,28452,806.254554428911,2.23564577736264,0.477870085440863,1.2501455974918e-07,6.14827040262108e-05,0.3654292114863223,0.1373270878806288,0.25137814968347555,99
ENSG00000239975,IGKV1D-33,28896,256.490474882601,2.52030601663448,0.702174615550353,1.14770074716362e-05,0.001778385890622,0.4119585712945344,0.0896755561917295,0.25081706374313195,100
ENSG00000124731,TREM1,54210,1583.11812369803,-2.54439114715779,0.733104922184049,1.76380496972382e-05,0.0024183369593977,0.41589542495212106,0.08532247409923088,0.250608949525676,101
ENSG00000237914,SIRPG-AS1,101929010,56.3778511948866,2.67458153479975,0.958113824118783,0.0001426141132251,0.0112416692804615,0.43717579556397357,0.063561630753361,0.25036871315866727,102
ENSG00000254395,IGHV4-55,28393,42.3119909132335,2.67719252606209,0.948528133720484,0.000184169581949,0.0135715584769844,0.43760257716231793,0.060894200642075465,0.2492483889021967,103
ENSG00000083454,P2RX5,5026,91.1725873249301,2.40326262599674,0.623361241771282,4.49363617681542e-06,0.0008615214510855,0.39282715325706186,0.09993975138654365,0.24638345232180275,104
ENSG00000004468,CD38,952,869.887403347021,2.30848880075182,0.547576398788795,1.0801705369786e-06,0.0003054587257258,0.37733582427307144,0.11462429712849477,0.2459800607007831,105
ENSG00000211945,IGHV1-18,28468,318.229724185182,2.38680192505803,0.618543388710374,4.21477887781844e-06,0.0008291386308946,0.39013655664043634,0.10048234076434878,0.24530944870239257,106
ENSG00000211897,IGHG3,3502,16841.4456872595,2.42161857988637,0.646432631521303,8.26961181601557e-06,0.0013556770153168,0.3958275399121785,0.09351924246097368,0.2446733911865761,107
ENSG00000211625,IGKV3D-20,28874,417.821306698937,2.57691599800935,0.873527912492193,9.79136774357776e-05,0.0084545844451511,0.42121179963041067,0.06759669518090028,0.24440424740565547,108
ENSG00000114854,TNNC1,7134,742.414050578182,-2.04971932147317,0.412935121540941,3.20405026701642e-08,2.0134785886309e-05,0.33503845868545284,0.15313641652698476,0.24408743760621882,109
ENSG00000169550,MUC15,143662,322.469014199819,-2.25390040084637,0.530965570669017,9.14138752600623e-07,0.0002786657702283,0.36841303510148754,0.11592440639811272,0.24216872074980011,110
ENSG00000143167,GPA33,10223,141.593478221192,-2.49159433944776,0.766881813397873,3.96526597656291e-05,0.0044193873466794,0.40726548186997885,0.07678380468522177,0.24202464327760032,111
ENSG00000136155,SCEL,8796,3222.05982230263,-1.8609562347197,0.349287586761114,4.698060083864511e-09,3.93645234360247e-06,0.3041840421904485,0.1762514722608732,0.24021775722566086,112
ENSG00000211965,IGHV3-49,28423,273.156458384049,2.34811727160627,0.627549580796159,6.81523560149065e-06,0.0011506050374068,0.38381332665890733,0.09584202313326515,0.23982767489608625,113
ENSG00000181072,CHRM2,1129,151.416070216778,-2.45074602588012,0.748990630548649,3.52744175807111e-05,0.0040101163262735,0.4005885891489959,0.0781600960802822,0.23937434261463905,114
ENSG00000204305,AGER,177,11925.3644055216,-1.7799425455771,0.326365725548699,2.3974834810114703e-09,2.1425804016452e-06,0.2909418869068406,0.18486588123496545,0.23790388407090302,115
ENSG00000198203,SULT1C2,6819,473.554146382277,2.37482665384937,0.670148003950977,1.49765382895172e-05,0.0021731318822952,0.38817912941317767,0.08683656169620736,0.2375078455546925,116
ENSG00000125872,LRRN4,164312,782.110710807355,-1.88561806837492,0.364535022587906,1.07692765792107e-08,8.40114979487871e-06,0.30821516130497356,0.16551529150885572,0.23686522640691465,117
ENSG00000211599,IGKV5-2,28907,39.4736024736315,2.53971954022814,1.04087277401608,0.0004666911435838,0.0254408523886676,0.415131823824446,0.05199497726147999,0.233563400542963,118
ENSG00000118322,ATP10B,23120,101.954133439338,2.36722851583946,0.712365843655521,2.89551294323248e-05,0.0035217843717606,0.3869371698819137,0.07999908876378382,0.23346812932284874,119
ENSG00000144278,GALNT13,114805,267.660704965415,-2.28658709837067,0.628046262175127,1.0337036482434e-05,0.0016468646221274,0.3737558645529796,0.09076367676464467,0.23225977065881215,120
ENSG00000211685,IGLC7,28834,445.356289669826,2.17882169290949,0.541406147740152,2.40487582685789e-06,0.0005566582850323,0.3561409867660165,0.10612505640997143,0.23113302158799398,121
ENSG00000143387,CTSK,1513,2666.88694009282,1.9631179452683,0.411736130502713,8.79762818674922e-08,4.73877958259113e-05,0.320882963686818,0.14101479198622419,0.2309488778365211,122
ENSG00000205221,VIT,5212,36.6131607074669,2.48339964841773,1.01899848233621,0.0003849790185882,0.0223232839289078,0.40592601230293024,0.05384634092127721,0.22988617661210373,123
ENSG00000211962,IGHV1-46,28465,216.570067149154,2.42033894880936,0.852780274596229,0.0001361139742216,0.0108045839958477,0.3956183768237322,0.06412325791499043,0.22987081736936132,124
ENSG00000164161,HHIP,64399,3573.66926581713,-2.05664623827745,0.467900654979008,4.67086652796246e-07,0.0001732278909214,0.336170703234858,0.12265717411867696,0.22941393867676746,125
ENSG00000255833,TIFAB,497189,207.915015179218,2.34605205649558,0.734515341162762,4.91569484478793e-05,0.005165325817954,0.3834757553239978,0.07457497202559965,0.22902536367479873,126
ENSG00000241351,IGKV3-11,28914,1718.38293543606,2.19656828992322,0.577383013849191,5.83283305224586e-06,0.0010229161406275,0.3590417705211888,0.09750792505121984,0.22827484778620433,127
ENSG00000165195,PIGA,5277,2275.25809015149,-2.06101240977574,0.480986339204286,7.31440970901384e-07,0.000246975956488,0.3368843791776168,0.11763409355259674,0.22725923636510678,128
ENSG00000122691,TWIST1,7291,37.1634003768649,2.4334925663928,0.962811130029588,0.0003053936968312,0.0191840933159274,0.3977684115700145,0.0559926006988547,0.2268805061344346,129
ENSG00000211941,IGHV3-11,28450,226.224595217502,2.17139297455001,0.569385340593188,5.36032996419428e-06,0.0009624344823806,0.35492671985488666,0.09837106392315971,0.22664889188902318,130
ENSG00000177807,KCNJ10,3766,186.823638988166,2.4506251540807,1.05794725058796,0.0005385190459627,0.0278785271780695,0.4005688319554368,0.05069913143372872,0.22563398169458276,131
ENSG00000158764,ITLN2,142683,407.958432828882,-1.98252786706769,0.442489798324761,3.21506135968427e-07,0.0001298827377502,0.3240556274826586,0.12673553904549917,0.22539558326407888,132
ENSG00000169436,COL22A1,169044,79.3662781279382,2.35295419827181,0.800617802762342,0.000119322394994,0.009745236613536,0.38460395025201094,0.06558467879053319,0.22509431452127207,133
ENSG00000148848,ADAM12,8038,786.89532286219,1.92655491114748,0.419720847784075,2.01690229699989e-07,8.94674130686833e-05,0.31490652463569035,0.13201459507534796,0.22346055985551916,134
ENSG00000251546,IGKV1D-39,28893,395.662163286944,2.30350080376315,0.771211837326015,9.27043509003318e-05,0.0081618048397132,0.3765205073633344,0.06809581970810488,0.22230816353571964,135
ENSG00000227507,LTB,4050,547.732876755905,2.0830315128126,0.532344593026055,3.62777594868065e-06,0.0007461015935182,0.3404835287127852,0.10197681214478974,0.22123017042878745,136
ENSG00000103742,IGDCC4,57722,222.391754891556,1.94417489064062,0.437840746020272,4.05289755735455e-07,0.0001554045787119,0.31778661202600095,0.12419484751200219,0.22099072976900158,137
ENSG00000211592,IGKC,3514,67081.7328411344,2.22706168333146,0.681447765080164,4.24877995468449e-05,0.0046434854548225,0.36402609175022566,0.07608328452078902,0.22005468813550733,138
ENSG00000060718,COL11A1,1301,173.725657368729,2.27944937964826,0.795965716169371,0.0001299459219453,0.0104618028191089,0.37258916321283325,0.06457984189546154,0.2185845025541474,139
ENSG00000125740,FOSB,2354,13095.1302838449,-2.22625685218473,0.71096800787776,5.717213915121e-05,0.0057741308215081,0.36389453745199685,0.07299702933951838,0.2184457833957576,140
ENSG00000226004,SIMALR,105378020,73.5432835656906,2.25612265345706,0.749669737285263,9.35271990055854e-05,0.008201030322106,0.36877627512254574,0.06802791961518319,0.21840209736886446,141
ENSG00000186340,THBS2,7058,2196.10769949224,1.7135724477547,0.340951925442182,2.50126057499914e-08,1.66429464671193e-05,0.28009331118026853,0.15583377839489032,0.21796354478757943,142
ENSG00000163817,SLC6A20,54716,208.6557215586,-2.0315212200741,0.512822968981388,3.12047025494982e-06,0.0006853825104633,0.3320638739313979,0.10317896346157414,0.21762141869648602,143
ENSG00000154451,GBP5,115362,5297.61414460413,2.18372810590593,0.654411619894654,3.48975277162308e-05,0.0039873069167893,0.35694296830113725,0.07824088000298103,0.21759192415205914,144
ENSG00000153012,LGI2,55203,168.635284161411,2.08379468867229,0.55704815708854,7.75613363535171e-06,0.0012807811038873,0.34060827421381934,0.094324090515308,0.21746618236456366,145
ENSG00000180730,SHISA2,387914,805.893001588842,-2.06769742809664,0.55463216290868,7.52487715192264e-06,0.0012610021911699,0.3379770840231313,0.09454450110560159,0.21626079256436645,146
ENSG00000280411,IGHV1-69D,102723169,133.581257218106,2.11427667594052,0.595014374019227,1.49851290119816e-05,0.0021731318822952,0.3455907310434097,0.08683656169620736,0.21621364636980853,147
ENSG00000145824,CXCL14,9547,478.699384543085,2.28589775143671,0.865474652034012,0.0002460221448512,0.0163698793616747,0.37364318681616265,0.058239265263326935,0.2159412260397448,148
ENSG00000149435,GGTLC1,92086,277.679204977565,-2.10861232974978,0.609200101823872,2.03896700373327e-05,0.0027294408594945,0.34466486095118537,0.08360861533619003,0.2141367381436877,149
ENSG00000166920,C15orf48,84419,195.005755319012,2.29717785932564,0.986346694049279,0.0005340208512777,0.0277727671688672,0.375486985584765,0.05075295922155771,0.21311997240316136,150
ENSG00000125845,BMP2,650,1402.79235270686,-2.00826963263462,0.532644000613263,6.4602256540633e-06,0.0011156464501669,0.3282632677039489,0.09627898146116501,0.21227112458255698,151
ENSG00000231475,IGHV4-30-2,28398,137.115409697579,2.04441279353529,0.582199949382546,1.74539289017563e-05,0.0024076843508806,0.33417107605279034,0.08538499528927271,0.20977803567103154,152
ENSG00000205364,MT1M,4499,98.7024519480066,-2.21949080075516,0.859937930367884,0.0002946331946338,0.0187232774219116,0.3627885872769649,0.056336938720821184,0.20956276299889304,153
ENSG00000168309,FAM107A,11170,3852.01726800417,-2.02050311575306,0.565923037892752,1.35126670927824e-05,0.0019850458937663,0.33026290115884116,0.0881186255100068,0.209190763334424,154
ENSG00000181215,C4orf50,389197,56.319363568793,2.18461328066591,0.808552242754737,0.0002015009730946,0.0143803044615816,0.35708765522687586,0.06007444877995522,0.20858105200341553,155
ENSG00000245293,CYP2U1-AS1,101929595,700.223595059486,-2.17383447995972,0.800526606489375,0.0001959964310689,0.0142302544446183,0.35532579801196496,0.060222999064404474,0.20777439853818472,156
ENSG00000211653,IGLV1-40,28825,481.816098674526,2.15885910508481,0.772039554106158,0.0001645571142582,0.0124371617929805,0.35287798651711083,0.062130379708769654,0.20750418311294025,157
ENSG00000173578,XCR1,2829,170.35752303853,2.05731584630119,0.621490366338673,3.29022204641183e-05,0.0038971043641871,0.33628015453282206,0.07856494214984698,0.20742254834133453,158
ENSG00000211966,IGHV5-51,28388,932.495706285008,2.21801199199732,0.932758080756724,0.000487089286527,0.0261123718699098,0.3625468674464853,0.05162601058266991,0.2070864390145776,159
ENSG00000130518,IQCN,80726,1796.7726136541,-2.09326912686354,0.674829167667647,6.53121844453679e-05,0.0063687825375325,0.34215692584394863,0.07160884509596079,0.2068828854699547,160
ENSG00000162692,VCAM1,7412,2212.55158076466,1.64318939728718,0.339977084063666,6.7591269091393e-08,3.82279320163646e-05,0.26858879517206197,0.14405680160787226,0.20632279838996712,161
ENSG00000211943,IGHV3-15,28448,368.420826355065,2.09797299990964,0.705045328552477,9.72518184470059e-05,0.0084296087690674,0.34292580105467,0.06763859354393996,0.205282197299305,162
ENSG00000151790,TDO2,6999,336.881404028297,1.99370837509681,0.572511459951866,1.96173008657979e-05,0.0026416797469461,0.3258831460790606,0.08407146043367189,0.20497730325636626,163
ENSG00000213853,EMP2,2013,17644.5825409702,-1.71055846321248,0.375335458529365,2.41156121945294e-07,0.0001029372631465,0.27960065800334405,0.13002841803479961,0.20481453801907185,164
ENSG00000211789,TRAV12-2,28673,53.3958466536736,2.1772702600381,0.890284437362311,0.0004346791568639,0.0243131373246032,0.35588739610482745,0.052637081677205516,0.20426223889101647,165
ENSG00000243264,IGKV2D-29,28882,68.4535843467441,2.15591563815345,0.838509424226393,0.0003295900229789,0.0202048852853712,0.3523968598508677,0.05525839190822376,0.20382762587954573,166
ENSG00000169174,PCSK9,255738,353.953328996318,-2.0490676155431,0.655334793772309,6.24586204388648e-05,0.006197374430651,0.33493193358807033,0.0719952259643888,0.20346357977622956,167
ENSG00000108001,EBF3,253738,79.6808909248193,2.22613436882324,1.19343268348739,0.0012345576489908,0.0494325622887067,0.3638745168393118,0.04258771167050967,0.20323111425491075,168
ENSG00000242371,IGKV1-39,28930,348.341203326545,1.81530776705297,0.4455569137903,1.9968934437573e-06,0.0004910404388926,0.29672253656468217,0.10790134764574387,0.20231194210521303,169
ENSG00000154319,FAM167A,83648,782.921565990996,-2.05091246193314,0.677246089505977,8.2423834189549e-05,0.0075188483906055,0.3352334843831256,0.06925785888401612,0.20224567163357088,170
ENSG00000106236,NPTX2,4885,51.2782152229678,2.10211898361452,0.770153038046522,0.0002260515209098,0.0155913523095827,0.3436034860311768,0.05892933966233467,0.20126641284675573,171
ENSG00000169495,HTRA4,203100,507.885072990028,2.16330813173005,0.990427852929741,0.0007404901261639,0.0350449080338002,0.35360520561206504,0.047459201267286436,0.20053220343967573,172
ENSG00000111215,PRH1,5554,159.793082787851,2.1528854335359,0.951894613853479,0.0006343565700446,0.0314715979914931,0.35190155540897183,0.048982269540760404,0.20044191247486612,173
ENSG00000043591,ADRB1,153,287.167682622295,-1.79284847340147,0.441181465766634,2.07465127676335e-06,0.0005023780829454,0.2930514353317805,0.10757807480407866,0.2003147550679296,174
ENSG00000130487,KLHDC7B,113730,84.3184561081456,2.04433251202431,0.699397185418306,0.0001121110208305,0.0092967207288023,0.3341579535762552,0.06625195612559967,0.20020495485092743,175
ENSG00000104783,KCNN4,3783,384.758586692241,1.78041426198785,0.432945758558102,1.72118297808705e-06,0.0004424809376507,0.2910189916779859,0.10937604166022026,0.20019751666910307,176
ENSG00000114270,COL7A1,1294,490.866579699633,1.98312316842839,0.609538879606817,4.33780209505919e-05,0.0047094240970423,0.32415293292748354,0.07588359270781347,0.2000182628176485,177
ENSG00000134917,ADAMTS8,11095,1109.19958651878,-1.77549814854005,0.431916240663187,1.71349820365173e-06,0.0004424809376507,0.29021542454807764,0.10937604166022026,0.19979573310414894,178
ENSG00000261143,ADAMTS7P3,400406,545.379382655665,-1.80215193833303,0.455437957774841,3.20468146846539e-06,0.0006971106621258,0.2945721403953712,0.10293867285395349,0.19875540662466235,179
ENSG00000137101,CD72,971,303.280642508839,2.02634586903073,0.689462541292252,0.0001166136127108,0.009558513624486,0.3312179329195912,0.06585866546767777,0.19853829919363447,180
ENSG00000164120,HPGD,3248,3932.91441911158,-1.75640770876009,0.429493064941708,1.86889574338929e-06,0.0004651034666284,0.28709498193308175,0.10866988038867788,0.1978824311608798,181
ENSG00000048462,TNFRSF17,608,102.636840387223,2.02870896421428,0.716084830927512,0.000151152720943,0.0116707440474242,0.33160419447244344,0.06303114623454076,0.1973176703534921,182
ENSG00000249859,PVT1,5820,916.391873446943,1.70423989597029,0.399624051277763,9.23835599483993e-07,0.0002786657702283,0.2785678517026247,0.11592440639811272,0.1972461290503687,183
ENSG00000164932,CTHRC1,115908,549.129922086501,1.80128799772554,0.464270113384714,4.48786992513883e-06,0.0008615214510855,0.29443092431446843,0.09993975138654365,0.19718533785050604,184
ENSG00000142512,SIGLEC10,89790,540.046062102214,2.01433382688207,0.697238332310299,0.0001334355194559,0.0106292667487759,0.32925449526986494,0.0643549407851474,0.19680471802750618,185
ENSG00000138772,ANXA3,306,2875.68107441827,-1.72534448135434,0.421632908741757,1.87085777585577e-06,0.0004651034666284,0.28201751804678815,0.10866988038867788,0.195343699217733,186
ENSG00000105227,PRX,57716,2502.45944061453,-1.68594229663517,0.402570384729511,1.25508930683052e-06,0.0003420950046798,0.27557700343639646,0.11302009397020894,0.1942985487033027,187
ENSG00000102683,SGCG,6445,118.765981354888,-2.05646598623771,0.860970941436293,0.0004691145478786,0.0255114865785074,0.3361412399981422,0.05195571178063454,0.19404847588938837,188
ENSG00000084453,SLCO1A2,6579,574.513493938333,-1.93905619326984,0.627732197603271,7.09212269934025e-05,0.0067413904129064,0.3169499313841115,0.07080361428312618,0.19387677283361882,189
ENSG00000170476,MZB1,51237,750.928526542027,2.00761014696938,0.736277848885152,0.0002098908239083,0.0149319500291803,0.3281554709639307,0.059541332445047945,0.19384840170448933,190
ENSG00000223648,IGHV3-64,28414,36.0756231296455,2.09448905412295,1.04648491761031,0.0010372381516141,0.0435351367420544,0.3423563299986635,0.04438688804277036,0.19337160902071693,191
ENSG00000242076,IGKV1-33,28933,557.092041490595,1.90410088611474,0.592862132209665,4.95458472570409e-05,0.005165325817954,0.3112362845889473,0.07457497202559965,0.19290562830727348,192
ENSG00000259417,CTXND1,100996492,219.117675073514,-1.88767030245116,0.580091577738924,4.35074762976548e-05,0.0047094240970423,0.3085506108148465,0.07588359270781347,0.19221710176133,193
ENSG00000137474,MYO7A,4647,502.390129905309,1.85917971138911,0.556398841320145,3.37077954686318e-05,0.0039511474450096,0.30389365919397465,0.07836989759372506,0.19113177839384987,194
ENSG00000137834,SMAD6,4091,2019.43371891281,-1.58939452700221,0.362240255551224,5.35577949038344e-07,0.0001893184365796,0.2597957129989835,0.12139925575528679,0.19059748437713514,195
ENSG00000029153,BMAL2,56938,460.644565381583,1.75938761825462,0.47256793894311,8.57576543267744e-06,0.0013857824384533,0.28758206534670344,0.0932081853270266,0.19039512533686503,196
ENSG00000183607,GKN2,200504,316.059216419976,-1.82191986480002,0.527092801340942,2.19026462456399e-05,0.0028607138953908,0.29780332212133925,0.08294335543610207,0.19037333877872065,197
ENSG00000171243,SOSTDC1,25928,345.002127456158,-1.97078864453772,0.74172003369125,0.000243814909336,0.0162708693035645,0.32213678377493576,0.058325182506787636,0.1902309831408617,198
ENSG00000137878,GCOM1,145781,79.7429197388412,-1.96426962786116,0.730556144120575,0.0002322870126609,0.015924330567965,0.3210712128567236,0.058630068331274966,0.18985064059399928,199
ENSG00000164694,FNDC1,84624,255.921987123323,1.86312349298408,0.58695689196695,5.52596154206651e-05,0.0056060012540883,0.30453829306805125,0.07341552233438278,0.188976907701217,200
ENSG00000165197,VEGFD,2277,1277.87185257337,-1.67934336564225,0.423864662567026,3.25424589063299e-06,0.0006986417716592,0.27449837006173,0.10290760166730452,0.18870298586451725,201
ENSG00000243197,TUSC7,285194,163.317518319121,-1.78780829780977,0.516096167694535,2.18714576467072e-05,0.0028607138953908,0.292227589528086,0.08294335543610207,0.187585472482094,202
ENSG00000160867,FGFR4,2264,1612.36681411014,-1.57799014608819,0.3681884394065,8.49240438247093e-07,0.000270335795603,0.2579316010868467,0.11635420324497249,0.1871429021659096,203
ENSG00000145536,ADAMTS16,170690,108.269410478305,1.95144067340056,0.772775570284942,0.0003877934219184,0.0223232839289078,0.31897424617255526,0.05384634092127721,0.18641029354691624,204
ENSG00000178199,ZC3H12D,340152,426.15912958607,1.84608411394304,0.617396430278704,9.89085479525219e-05,0.0084757881830678,0.30175310817416817,0.06756122152600393,0.18465716485008604,205
ENSG00000147145,LPAR4,2846,32.6742296835913,1.97870127259032,0.954920623437071,0.0010233818098992,0.0431939676965502,0.3234301485196214,0.044498308977500844,0.1839642287485611,206
ENSG00000173208,ABCD2,225,328.290862135456,1.82114154302031,0.597757492265537,8.52249134727715e-05,0.0076814470816514,0.2976761009322215,0.06895485975526981,0.18331548034374567,207
ENSG00000114812,VIPR1,7433,2339.85235343722,-1.74472034138332,0.518171117650952,2.96109411423749e-05,0.003582290489112,0.2851846142495741,0.0797578416886862,0.18247122796913015,208
ENSG00000177455,CD19,930,219.053835014825,1.92710206926495,0.836970092790522,0.0005917217282477,0.0302130703901895,0.3149959607894183,0.04956023991894257,0.1822781003541804,209
ENSG00000270550,IGHV3-30,28439,163.986640043318,1.82772465506704,0.627345281928633,0.000124354835904,0.0100834388984146,0.2987521486087907,0.06510152571332238,0.18192683716105654,210
ENSG00000182010,RTKN2,219790,9748.4421635238,-1.50584677922141,0.349067390742593,7.56927890122581e-07,0.0002481736182354,0.24613935119867514,0.11756558285114913,0.18185246702491215,211
ENSG00000168497,CAVIN2,8436,8126.7884231379,-1.61344670250448,0.416084028026228,4.5557660948989e-06,0.0008639318970266,0.2637271799680907,0.09990018246115999,0.18181368121462535,212
ENSG00000144681,STAC,6769,636.320842072993,-1.85616269522922,0.674218269122421,0.000199590506194,0.0143632371013834,0.30340051048163674,0.06009126722832868,0.18174588885498272,213
ENSG00000075461,CACNG4,27092,169.718786531423,-1.83213459693051,0.649230431881037,0.0001642135776456,0.0124371617929805,0.29947297907047926,0.062130379708769654,0.18080167938962446,214
ENSG00000269220,LINC00528,200298,47.0105185619992,1.89235837018527,0.773187152424897,0.0004793327441972,0.0259424513683598,0.3093169025560593,0.05171846893432214,0.18051768574519073,215
ENSG00000168874,ATOH8,84913,2109.24996349383,-1.58429915941644,0.402281820835407,3.62234568102765e-06,0.0007461015935182,0.2589628457451659,0.10197681214478974,0.18046982894497782,216
ENSG00000005102,MEOX1,4222,71.4145629168452,1.90736227993973,0.833615460411611,0.0006613690226642,0.0325264160863753,0.31176937824174344,0.04851538423714923,0.18014238123944634,217
ENSG00000152779,SLC16A12,387700,227.278271994376,-1.8703178679112,0.762730077742348,0.0004235290206081,0.0238345697343718,0.30571425519200446,0.05291862275948165,0.17931643897574306,218
ENSG00000167588,GPD1,2819,596.984242471303,-1.87223139193785,0.777182622427492,0.0004601076071379,0.0252645980492296,0.3060270317433254,0.05209343428926583,0.17906023301629562,219
ENSG00000150275,PCDH15,65217,328.797343908927,-1.63817845705844,0.450362809805247,1.16149033423627e-05,0.0017875099205052,0.2677697280572555,0.08960308276508343,0.17868640541116948,220
ENSG00000142185,TRPM2,7226,958.948416201482,1.75430059381529,0.566335136199954,7.52959988085808e-05,0.0070099645310556,0.2867505618283469,0.07025034864922702,0.17850045523878696,221
ENSG00000235531,MSC-AS1,100132891,410.646990577373,1.55358489682389,0.390657006390708,3.30436589168301e-06,0.0006986417716592,0.2539424221725997,0.10290760166730452,0.1784250119199521,222
ENSG00000176771,NCKAP5,344148,2745.24877781524,-1.52428200403332,0.373692155003054,2.0874128009935e-06,0.0005023780829454,0.24915269514376853,0.10757807480407866,0.1783653849739236,223
ENSG00000089250,NOS1,4842,283.816518178304,-1.65361615815919,0.466062194072958,1.60535590666486e-05,0.0022557743277316,0.2702931094433102,0.08630797419706082,0.1783005418201855,224
ENSG00000281706,LINC01012,100507173,433.604074615543,-1.83072199365972,0.69752603356159,0.0002773617088025,0.0179788971255715,0.29924208090914495,0.05691148157868628,0.17807678124391563,225
ENSG00000112782,CLIC5,53405,6444.03885869926,-1.48033215343517,0.351092608205295,1.19729779741029e-06,0.0003344008403804,0.2419688382861003,0.11334225636776292,0.17765554732693162,226
ENSG00000275385,CCL18,6362,1491.32584925066,1.86979217721151,0.816727758025271,0.0006539013078233,0.032229214132652,0.3056283280116709,0.04864538232786333,0.1771368551697671,227
ENSG00000158714,SLAMF8,56833,775.150125599413,1.81626841266336,0.692946076598751,0.0002922519433946,0.0186405571484462,0.29687955963670776,0.05639964644353969,0.17663960304012372,228
ENSG00000133135,RNF128,79589,577.015415712845,-1.69386982099112,0.522116110304331,4.60649707028651e-05,0.0048926189305676,0.2768728030678796,0.0753431345519512,0.1761079688099154,229
ENSG00000175445,LPL,4023,5047.44807822135,-1.73606415703305,0.581925991259686,0.0001018619262663,0.0085985908877783,0.2837697109345547,0.06735750310538127,0.17556360701996798,230
ENSG00000241755,IGKV1-9,28941,382.696340752987,1.72474310508554,0.561975754391764,8.47834182446742e-05,0.007672221083797,0.28191921962315625,0.06897187981384065,0.17544554971849846,231
ENSG00000211947,IGHV3-21,28444,545.787820628173,1.78835512231209,0.663888588085047,0.0002377895112587,0.0160582451140475,0.29231697115049127,0.058511470525471156,0.17541422083798122,232
ENSG00000232400,RAD17P1,9207,196.364649153564,-1.77995065344208,0.653942383264566,0.0002181421832935,0.0152315759649703,0.2909432121841884,0.05925996659849487,0.17510158939134163,233
ENSG00000291127,ANKRD36BP2,645784,756.516569714751,1.83639455784347,0.792562690288902,0.0006100397774312,0.0307370376054064,0.3001692942797795,0.04931673926489004,0.17474301677233478,234
ENSG00000170323,FABP4,2167,1056.18217867602,-1.80383228485004,0.776170607357204,0.000573568433819,0.0293571010821012,0.29484680273631647,0.04996726299652307,0.17240703286641978,235
ENSG00000161896,IP6K3,117283,86.1461697825237,-1.7368340929553,0.624390831709647,0.000196253343355,0.0142302544446183,0.2838955614068485,0.060222999064404474,0.1720592802356265,236
ENSG00000134569,LRP4,4038,1432.80799088275,-1.71846013099709,0.601482157739924,0.0001489505099053,0.0115797504659441,0.2808922312289394,0.06314199748100109,0.17201711435497025,237
ENSG00000091137,SLC26A4,5172,135.395674263796,1.66267551335465,0.526649446620546,6.40003439509819e-05,0.0062951294834915,0.2717739133609849,0.0717735807371451,0.171773747049065,238
ENSG00000150594,ADRA2A,150,351.94249633089,1.61498557387168,0.481527211912193,3.27231179027117e-05,0.0038971043641871,0.2639787173788867,0.07856494214984698,0.17127182976436683,239
ENSG00000211659,IGLV3-25,28793,391.550129890733,1.77137173087756,0.720993880407962,0.0004350708492171,0.0243131373246032,0.2895409377541787,0.052637081677205516,0.17108900971569213,240
ENSG00000016402,IL20RA,53832,308.346612857944,-1.76980804020677,0.722559609559261,0.0004386700650743,0.0243833731748844,0.2892853434848981,0.05259622894541558,0.17094078621515685,241
ENSG00000168907,PLA2G4F,255189,1015.15143526933,-1.64015571539097,0.512937849195942,5.37135078187785e-05,0.0054984646487974,0.26809292234889043,0.073689826260246,0.17089137430456822,242
ENSG00000117069,ST6GALNAC5,81849,1207.38298608531,-1.49248329858755,0.38924200089489,5.73814729502025e-06,0.001014172705119,0.243955013125,0.09762949734363925,0.17079225523431962,243
ENSG00000120738,EGR1,1958,6516.57762591286,-1.75055632013897,0.684598893531943,0.0003304516445912,0.0202048852853712,0.2861385386755822,0.05525839190822376,0.17069846529190297,244
ENSG00000154342,WNT3A,89780,154.846378455683,-1.67358377969593,0.556569051981403,9.88385575872834e-05,0.0084757881830678,0.273556932481518,0.06756122152600393,0.17055907700376097,245
ENSG00000134460,IL2RA,3559,354.426243757285,1.73685588808612,0.655802325808511,0.0002781511733169,0.0179788971255715,0.2838991239468316,0.05691148157868628,0.17040530276275895,246
ENSG00000241644,INMT,11185,8999.4195163459,-1.48501080137735,0.387464882000584,5.70659495753807e-06,0.001014172705119,0.2427335903079299,0.09762949734363925,0.17018154382578457,247
ENSG00000140600,SH3GL3,6457,60.2304775401771,-1.76834986946117,0.738747018703836,0.0005220097887603,0.027336637618348,0.2890469970566881,0.050977119500854595,0.17001205827877136,248
ENSG00000086548,CEACAM6,4680,4164.30886584481,-1.57400556307452,0.455834959031601,2.3056550317294e-05,0.0029469397617409,0.25728029798528607,0.08252279484911866,0.16990154641720237,249
ENSG00000131203,IDO1,3620,1852.98074803584,1.79319404813121,0.820485202045629,0.0008491033724149,0.0392025828451921,0.2931079215167912,0.04587144770529931,0.16948968461104527,250
ENSG00000160307,S100B,6285,149.943234771433,1.71569623708769,0.637675019607652,0.0002595564715562,0.0171694329123273,0.2804404568100351,0.057563905016110334,0.16900218091307273,251
ENSG00000135917,SLC19A3,80704,896.17353787647,-1.55546446375115,0.446093081490993,2.07536079144195e-05,0.002761816893223,0.2542496482399487,0.08344161526910815,0.16884563175452844,252
ENSG00000271856,LINC01215,101929623,95.1030250615781,1.68893015942415,0.602421078727091,0.0001875227452223,0.0137737891726178,0.2760653868619203,0.060684726054882766,0.16837505645840153,253
ENSG00000113088,GZMK,3003,112.687758244495,1.7240423941683,0.67494586640781,0.0003535736292312,0.0209944782522262,0.28180468437765377,0.05471548452942305,0.1682600844535384,254
ENSG00000086570,FAT2,2196,272.402004677029,1.76055724405248,0.778402381257354,0.0006844766275677,0.0334447402709811,0.2877732474370748,0.04812108151312012,0.16794716447509744,255
ENSG00000107551,RASSF4,83937,3932.58821363122,1.72060701186751,0.674071263724413,0.0003876728126629,0.0223232839289078,0.28124315130383526,0.05384634092127721,0.16754474611255624,256
ENSG00000105639,JAK3,3718,1776.8304949092,1.65137415205032,0.560531669680604,0.0001242925659747,0.0100834388984146,0.26992664059891286,0.06510152571332238,0.16751408315611763,257
ENSG00000228100,LINC01820,105374582,759.809193062216,-1.61827026953538,0.535272469376121,9.48508148666227e-05,0.0082849806360139,0.2645156198517705,0.06788368473671882,0.16619965229424466,258
ENSG00000143297,FCRL5,83416,1034.71065090558,1.77017506516211,0.884322164473196,0.0011875848585012,0.047890788331326,0.28934533583314204,0.04303645683983265,0.16619089633648734,259
ENSG00000164741,DLC1,10395,11232.1389074179,-1.51440479106111,0.430493558766176,1.94123761499816e-05,0.002629737638569,0.24753820764996923,0.08413562778977982,0.16583691771987452,260
ENSG00000101134,DOK5,55816,46.1856606882275,1.75117642246634,0.80850978794203,0.0009038759020689,0.0406416540881292,0.2862398979816163,0.04536088915732012,0.1658003935694682,261
ENSG00000138316,ADAMTS14,140766,131.82515073027,1.63984236415773,0.565465631380361,0.000143832013884,0.0112983043406225,0.26804170328044913,0.06349046145643199,0.16576608236844056,262
ENSG00000171303,KCNK3,3777,1949.74578348094,-1.40908292651063,0.358483429380683,4.00273896045691e-06,0.000794333013179,0.2303227407344749,0.10108967951085995,0.16570621012266742,263
ENSG00000183287,CCBE1,147372,1148.28048294395,-1.54667648287392,0.461190254724115,3.28807717008384e-05,0.0038971043641871,0.2528132020215717,0.07856494214984698,0.16568907208570935,264
ENSG00000239951,IGKV3-20,28912,3640.83268593149,1.70441833354873,0.695510379639825,0.0004621160046449,0.0252886601502823,0.27859701835516376,0.05207995260268618,0.16533848547892496,265
ENSG00000211677,IGLC2,3538,11731.8090619717,1.73950530737646,0.827179199433919,0.0009957691740627,0.0425846616726313,0.28433218682824557,0.04469950689097351,0.16451584685960954,266
ENSG00000179639,FCER1A,2205,317.353358418223,-1.62393763897576,0.571449665897597,0.0001637357506982,0.0124371617929805,0.2654419841116055,0.062130379708769654,0.1637861819101876,267
ENSG00000244116,IGKV2-28,28921,171.86403678473,1.58918764052614,0.525720165885098,9.69195290391696e-05,0.0084296087690674,0.25976189620985574,0.06763859354393996,0.16370024487689785,268
ENSG00000074410,CA12,771,447.662466656413,1.62023982687776,0.569521272596349,0.0001622727252689,0.0124109601976973,0.26483755537209797,0.062160246882172046,0.163498901127135,269
ENSG00000269404,SPIB,6689,291.810001432473,1.57189490873715,0.508836984027984,7.88376987761244e-05,0.0072208310097662,0.2569352993463983,0.06983061870519829,0.1633829590257983,270
ENSG00000064042,LIMCH1,22998,18406.0456537363,-1.41998142293818,0.377506283404168,7.66345843993763e-06,0.0012747825021081,0.23210416290619493,0.09439057555521128,0.1632473692307031,271
ENSG00000227039,ITGB2-AS1,100505746,171.798839410114,1.62959717415015,0.593531477105419,0.0002117344036869,0.0149689606706562,0.26636706781542746,0.05950627322767484,0.16293667052155114,272
ENSG00000049768,FOXP3,50943,69.4790314508848,1.69493237035164,0.756657405292824,0.0007308609311166,0.0347358547156545,0.27704648289628164,0.04758464828377874,0.1623155655900302,273
ENSG00000078114,NEBL,10529,7630.80121535071,-1.44085818969304,0.399468972591994,1.26993426740853e-05,0.0019026306577207,0.23551659097993574,0.08871916594021234,0.16211787846007403,274
ENSG00000162433,AK4,205,309.63504727443,1.5630036317825,0.509550289733934,8.75281224646484e-05,0.0078296442757476,0.2554819687877097,0.06868423305685104,0.16208310092228034,275
ENSG00000196352,CD55,1604,10796.3857587899,-1.55314463248107,0.502947851983393,7.8035265326042e-05,0.0071763894612644,0.2538704584235697,0.06991805096548642,0.16189425469452806,276
ENSG00000080618,CPB2,1361,426.281790380132,-1.61932197990664,0.598047230572342,0.0002369934718857,0.0160524051331485,0.26468752798479106,0.058516621888183684,0.16160207493648737,277
ENSG00000168952,STXBP6,29091,1154.38996816903,-1.42542646879947,0.388279001374183,1.0989633084106e-05,0.0017265171476509,0.23299418709327585,0.09009475614121253,0.1615444716172442,278
ENSG00000156886,ITGAD,3681,102.836342782723,1.61155571109412,0.588238025504819,0.000219630986046,0.0152414472310451,0.26341808650301124,0.0592507913648975,0.16133443893395438,279
ENSG00000166292,TMEM100,55273,2644.28846413727,-1.64394679255549,0.660878186605329,0.0004064360175419,0.0231025176503806,0.2687125958020564,0.05336041782538574,0.1610365068137211,280
ENSG00000091583,APOH,350,143.945033800314,-1.69273258137755,0.80593261745603,0.000987132586489,0.0424560846086337,0.2766869146863364,0.044742331812088115,0.16071462324921226,281
ENSG00000204128,C2orf72,257407,67.624183468198,-1.69207240498831,0.804640749431237,0.0009994735194199,0.0426270147927799,0.276579005043492,0.04468542872324591,0.16063221688336893,282
ENSG00000122224,LY9,4063,589.156903504823,1.62360871517688,0.623352301095686,0.0003156801574089,0.0196739179092655,0.26538821961739056,0.05563553936704891,0.16051187949221973,283
ENSG00000150625,GPM6A,2823,1180.38588593473,-1.56013510690893,0.527346743958719,0.0001164267130123,0.009558513624486,0.25501309183354653,0.06585866546767777,0.16043587865061215,284
ENSG00000109819,PPARGC1A,10891,601.636546325268,-1.47825549555009,0.437662013331074,3.13854237489101e-05,0.0037767683056999,0.24162939656364332,0.07900914014514177,0.16031926835439253,285
ENSG00000114790,ARHGEF26,26084,2974.99093957926,-1.38982674297412,0.371254793355686,8.50837060046927e-06,0.0013847832237008,0.22717520634542515,0.09321840060544044,0.1601968034754328,286
ENSG00000134115,CNTN6,27255,575.603474126505,-1.42675211665065,0.398599689157685,1.54151746691014e-05,0.002207199345184,0.2332108718891726,0.0866162683421845,0.15991357011567855,287
ENSG00000225383,SFTA1P,207107,1063.45027022363,-1.51819129117394,0.481695695532898,6.51483736797366e-05,0.0063687825375325,0.24815713295760747,0.07160884509596079,0.15988298902678413,288
ENSG00000107165,TYRP1,7306,106.100576496323,-1.61329138350775,0.617575624251205,0.0003183146512255,0.0197836053699905,0.2637017921812245,0.055556800696313954,0.15962929643876925,289
ENSG00000182183,SHISAL2A,348378,124.981900425347,1.64760198494995,0.71346534870942,0.0006307673202459,0.0313623056833505,0.2693100581049236,0.049031536503901095,0.15917079730441233,290
ENSG00000167757,KLK11,11012,286.056178795196,-1.68088815413973,0.838982488570422,0.0011554706005107,0.0469303615715506,0.2747508746616373,0.04332335891244577,0.15903711678704152,291
ENSG00000136542,GALNT5,11227,3169.71099143101,-1.50348170352949,0.476487552539634,6.17247286135011e-05,0.0061515353983402,0.2457527659202938,0.07210036611987246,0.15892656602008312,292
ENSG00000097096,SYDE2,84144,1457.76241790864,-1.39832150956312,0.384981943228083,1.28739295238644e-05,0.0019160980764367,0.2285637249952985,0.08861927475795013,0.15859149987662433,293
ENSG00000145113,MUC4,4585,681.388816973865,1.50431000787061,0.476893506143167,6.78993489228159e-05,0.0065372548213192,0.24588815704768574,0.07123908502295775,0.15856362103532173,294
ENSG00000130164,LDLR,3949,4343.04997796554,-1.62970401556486,0.689115187646695,0.0005471017818727,0.028193812326439,0.26638453166159076,0.05053986684924286,0.15846219925541682,295
ENSG00000132932,ATP8A2,51761,323.560488646579,-1.46018669163246,0.435880982705983,3.48870920341124e-05,0.0039873069167893,0.23867594622952562,0.07824088000298103,0.15845841311625333,296
ENSG00000263155,MYZAP,100820829,656.036742429146,-1.45339611506983,0.432901073376322,3.35753055070032e-05,0.0039511474450096,0.23756598727988076,0.07836989759372506,0.1579679424368029,297
ENSG00000170890,PLA2G1B,5319,250.244235304876,-1.65431166465315,0.779936184683017,0.000939423586107,0.0414021660855325,0.27040679399577594,0.04509832681757759,0.15775256040667676,298
ENSG00000189221,MAOA,4128,6483.32998117859,-1.37582221794902,0.375087505408045,1.13321063596173e-05,0.0017680430494732,0.22488608586445166,0.08975816181691229,0.15732212384068198,299
ENSG00000104321,TRPA1,8989,218.684559279258,1.56570533498469,0.576743374576253,0.0002360314246366,0.0160524051331485,0.2559235777764159,0.058516621888183684,0.1572200998322998,300
ENSG00000133110,POSTN,10631,6694.03176332201,1.39823346141941,0.392784007729457,1.67018238673923e-05,0.0023323787737778,0.22854933301779717,0.08583502310403052,0.15719217806091385,301
ENSG00000173930,SLCO4C1,353189,844.480162823521,-1.56067335726246,0.571837216651315,0.0002273787114698,0.015635223676539,0.2551010719618228,0.05888954572745827,0.15699530884464052,302
ENSG00000275708,MIR3648-1,100500862,120.128185213015,1.6012776626733,0.653642228232715,0.0004887679938466,0.0261398553221952,0.2617380801406128,0.05161111263936059,0.15667459638998668,303
ENSG00000155511,GRIA1,2890,972.481174246985,-1.45136523905755,0.441541183741753,4.38427979931296e-05,0.0047231219952312,0.23723402886888892,0.07584246020822855,0.15653824453855875,304
ENSG00000225783,MIAT,440823,778.710305021892,1.58181283317569,0.617390516877715,0.000360255773329,0.0213352522513719,0.2585564413644474,0.05448745550525067,0.15652194843484904,305
ENSG00000196260,SFTA2,389376,1063.85386344727,-1.54722765839254,0.560699192018434,0.0002006269249894,0.0143632371013834,0.25290329484271507,0.06009126722832868,0.15649728103552188,306
ENSG00000145864,GABRB2,2561,147.487173960308,-1.59896435248013,0.663835325631601,0.0005072212432034,0.026747939825157,0.261359956231909,0.05128543539795945,0.15632269581493421,307
ENSG00000159307,SCUBE1,80274,734.713395168167,-1.36521012918016,0.373599289864731,1.20289345987733e-05,0.0018387201853246,0.22315147867833374,0.08920305481646387,0.1561772667473988,308
ENSG00000171476,HOPX,84525,5111.01083818012,-1.47434696606215,0.469279425134669,6.79067711183316e-05,0.0065372548213192,0.2409905248500153,0.07123908502295775,0.15611480493648652,309
ENSG00000268388,FENDRR,400550,3167.68253018023,-1.50377291890058,0.506518332705986,0.0001149556081997,0.009491389504759,0.24580036675424863,0.06595846934827844,0.15587941805126354,310
ENSG00000162849,KIF26B,55083,941.804387379716,1.44092631817734,0.43821780743061,4.46219527026919e-05,0.0047842769478341,0.23552772697408544,0.07566026552276352,0.1555939962484245,311
ENSG00000242534,IGKV2D-28,28883,92.0102259664269,1.57754267461994,0.652870464573631,0.000504969878359,0.026747939825157,0.2578584592915494,0.05128543539795945,0.1545719473447544,312
ENSG00000163568,AIM2,9447,661.68952951275,1.52038483017967,0.542795650501266,0.0001950235194738,0.0142302544446183,0.24851567957413548,0.060222999064404474,0.15436933931926997,313
ENSG00000042980,ADAM28,10863,1816.62211648901,1.52584607565892,0.551265339749759,0.0002169440093564,0.0152315759649703,0.24940835168231257,0.05925996659849487,0.15433415914040371,314
ENSG00000105971,CAV2,858,6011.20529258313,-1.40428798315297,0.418451703648517,3.43672587504884e-05,0.0039871307421143,0.22953897955546632,0.07824150575637043,0.15389024265591839,315
ENSG00000243290,IGKV1-12,28940,307.727034308469,1.56675833841856,0.644417817043952,0.0004926676012295,0.0262249862179202,0.2560956972679864,0.05156506497669586,0.15383038112234115,316
ENSG00000105974,CAV1,857,20198.1006652584,-1.41889767776991,0.434066933913886,4.68579708602255e-05,0.0049535881998639,0.23192701850062628,0.07516774352453535,0.1535473810125808,317
ENSG00000241213,LINC02024,105374057,129.345313060868,-1.54528726040878,0.604624115690138,0.0003755404352917,0.0221246126760563,0.25258612558792753,0.05397294465323742,0.15327953512058248,318
ENSG00000203727,SAMD5,389432,892.794276796913,-1.3267797687531,0.365066395271769,1.31566569980737e-05,0.0019453794200485,0.21686981436004327,0.08840448893314087,0.15263715164659208,319
ENSG00000137078,SIT1,27240,207.787692197935,1.52557201647313,0.592782639543781,0.0003484528084872,0.0207448628589647,0.24936355512590908,0.05488487569293739,0.15212421540942322,320
ENSG00000116824,CD2,914,1260.17424966031,1.52348716942041,0.587872451906254,0.000343285103527,0.0205787303148358,0.24902277483671506,0.0549987481724165,0.15201076150456577,321
ENSG00000243566,UPK3B,105375355,697.045963654271,-1.40336658548673,0.43197415556651,4.94040399128747e-05,0.005165325817954,0.22938837178653945,0.07457497202559965,0.15198167190606954,322
ENSG00000154639,CXADR,1525,1509.6576816638,-1.49690692293341,0.544478330649746,0.0002175002844107,0.0152315759649703,0.24467808006744127,0.05925996659849487,0.15196902333296808,323
ENSG00000136153,LMO7,4008,12639.1184977398,-1.36744905736614,0.399588888355518,2.83951157960121e-05,0.0034723389440712,0.22351744441846202,0.08019933293654635,0.15185838867750417,324
ENSG00000154678,PDE1C,5137,1104.74179422178,-1.36161059480469,0.397892076101886,2.78631401729453e-05,0.0034258033702855,0.2225631140000538,0.08039041473067503,0.15147676436536442,325
ENSG00000106688,SLC1A1,6505,1582.51395295597,-1.43918815806778,0.478218060709391,0.0001062491756134,0.0089025003700147,0.23524361466760782,0.06686559658478036,0.1510546056261941,326
ENSG00000198523,PLN,5350,1093.96229448154,1.54939255572799,0.674094199731732,0.0006918097723178,0.0335854345046077,0.25325715981285163,0.04806162952490849,0.15065939466888006,327
ENSG00000168484,SFTPC,6440,177211.514257237,-1.52149091533988,0.625081256528058,0.0004806229016649,0.0259501954758144,0.24869647558038338,0.051714242001462615,0.150205358790923,328
ENSG00000084710,EFR3B,22979,488.953657842888,-1.35813381253851,0.405676889421116,3.63718745481765e-05,0.0041142045895169,0.2219948138628386,0.07779718664859754,0.14989600025571806,329
ENSG00000096088,PGC,5225,5572.69959636254,-1.4209070390202,0.468640228830729,0.0001018370503036,0.0085985908877783,0.23225546019953927,0.06735750310538127,0.14980648165246027,330
ENSG00000142748,FCN3,8547,1630.34019480795,-1.54711666039745,0.702569919508838,0.0008097341635704,0.0377122271135624,0.2528851515794875,0.04642034884359852,0.149652750211543,331
ENSG00000253295,LOC101928093,101928093,113.376589766689,-1.48756888413599,0.562555214004079,0.0003041765434449,0.0191682059675626,0.24315172370583757,0.05600433398970859,0.14957802884777308,332
ENSG00000102760,RGCC,28984,5300.90272265218,-1.46359556662422,0.532366361640133,0.0002203252711182,0.0152428703624111,0.23923314653062333,0.05924946907002996,0.14924130780032666,333
ENSG00000178860,MSC,9242,180.277861555532,1.44844091503787,0.511265975284408,0.0001802838338528,0.0134163196488605,0.23675603122209588,0.06105712882130832,0.1489065800217021,334
ENSG00000159618,ADGRG5,221188,197.598166518186,1.43362201318528,0.493177681676917,0.0001455974680709,0.0113581086902356,0.23433379614625416,0.0634156957526385,0.14887474594944633,335
ENSG00000185245,GP1BA,2811,70.0069035763588,1.54805925519638,0.754591585629386,0.001128868248955,0.0462022802366404,0.25303922414215013,0.04354479409358534,0.14829200911786775,336
ENSG00000162894,FCMR,9214,500.871097384061,1.50749824532326,0.637362245133314,0.0006163553959452,0.0309175346396234,0.2464092928689997,0.04923381801859273,0.14782155544379622,337
ENSG00000211964,IGHV3-48,28424,331.976390031811,1.53782963329388,0.737390301088521,0.0010651183717054,0.0441321848408297,0.25136713337379785,0.04419398543670093,0.1477805594052494,338
ENSG00000165072,MAMDC2,256691,1897.61718994021,-1.44370141714734,0.521882084292135,0.0002133624285884,0.0150370661120165,0.23598133292484563,0.059441984643151,0.1477116587839983,339
ENSG00000149488,TMC2,117532,131.519673051419,-1.51094767650261,0.656242644877742,0.000694416650738,0.0336398027615548,0.24697312231314056,0.04803872227470076,0.14750592229392065,340
ENSG00000211664,IGLV2-18,28814,64.2143298893963,1.52903658097374,0.71985278753708,0.0010062071606694,0.042772345742594,0.24992985819879346,0.0446372268727638,0.14728354253577863,341
ENSG00000182866,LCK,3932,994.495593700819,1.43568687161837,0.533598807240905,0.0002766855001998,0.0179788971255715,0.2346713091801504,0.05691148157868628,0.14579139537941832,342
ENSG00000197822,OCLN,100506658,1874.82774650543,-1.27740843174039,0.365852106129387,2.27099919949335e-05,0.0029191372096669,0.20879978424290024,0.08265704041699405,0.14572841232994715,343
ENSG00000087495,PHACTR3,116154,173.919815766427,-1.47587558303747,0.625906174536444,0.0006039816999133,0.0306230729888121,0.24124038612124704,0.04936934634509314,0.1453048662331701,344
ENSG00000153283,CD96,10225,1338.13257857253,1.44434890697677,0.565082499384944,0.0003875142718545,0.0223232839289078,0.2360871688762338,0.05384634092127721,0.1449667548987555,345
ENSG00000013725,CD6,923,861.332701176046,1.48526364123769,0.674647365388305,0.0008841226231217,0.0401861033147381,0.24277491844306293,0.045520528766669455,0.1441477236048662,346
ENSG00000122852,SFTPA1,653509,155773.939883572,-1.48467829898408,0.685357216057284,0.0008867538537978,0.0402024698085547,0.24267924087179818,0.04551476214930401,0.1440970015105511,347
ENSG00000124171,PARD6B,84612,1102.05836343959,-1.39252701989668,0.509943575899307,0.0002416800487711,0.0162040250362782,0.2276165822004901,0.058383483618015895,0.143000032909253,348
ENSG00000188822,CNR2,1269,155.023952935342,1.47101113388142,0.672858258104851,0.0008846165164098,0.0401861033147381,0.24044526381814782,0.045520528766669455,0.14298289629240862,349
ENSG00000173200,PARP15,165631,1046.7313879274,1.27794151938018,0.382658199392252,3.98512583973213e-05,0.0044193873466794,0.20888692049580493,0.07678380468522177,0.14283536259051335,350
ENSG00000095585,BLNK,29760,650.537292808436,1.31457197497565,0.422686575142521,8.30984594147583e-05,0.0075499455716469,0.21487437997627254,0.06919940640392841,0.1420368931901005,351
ENSG00000091986,CCDC80,151887,11049.8505618367,1.43487374470898,0.597055121770757,0.0006050706637492,0.0306230729888121,0.23453839889161301,0.04936934634509314,0.14195387261835307,352
ENSG00000157303,SUSD3,203328,187.483417079477,1.38236570700814,0.508004281828315,0.0002587666474999,0.0171673837724117,0.22595565693490294,0.05756559534565556,0.14176062614027923,353
ENSG00000277734,TRAC,28755,940.638515512804,1.40642572105595,0.551373142443874,0.0004005490730917,0.0228976557943694,0.22988840515954034,0.053486561158970936,0.14168748315925564,354
ENSG00000171631,P2RY6,5031,267.85468881258,1.4545773203361,0.662579141003596,0.0009054234036342,0.0406416540881292,0.23775906210122646,0.04536088915732012,0.1415599756292733,355
ENSG00000186810,CXCR3,2833,168.62971457153,1.4419750662966,0.637412789493763,0.0007500924862765,0.0352792979564128,0.23569915090991173,0.04736479615670957,0.14153197353331065,356
ENSG00000168026,TTC21A,199223,1042.25452852595,-1.36905640463503,0.495211118592331,0.000218929801132,0.0152395350492637,0.22378017461078617,0.0592525682527444,0.1415163714317653,357
ENSG00000147257,GPC3,2719,1999.56126515693,-1.29405065162376,0.41047730065402,7.16606048064168e-05,0.0067638334734457,0.21152005117916609,0.0707565446848942,0.14113829793203014,358
ENSG00000138821,SLC39A8,64116,12645.4516010908,-1.35046272670834,0.469675145736726,0.0001753621659478,0.0130931296377523,0.22074093058913416,0.06140246218653562,0.1410716963878349,359
ENSG00000114378,HYAL1,3373,1129.08637700387,-1.29183289890114,0.408973561230885,6.99609085566074e-05,0.0067064645520175,0.21115754669079642,0.07087717651183457,0.1410173616013155,360
ENSG00000114654,EFCC1,79825,787.235361476172,-1.30261423853409,0.421768728248967,8.75613314663908e-05,0.0078296442757476,0.2129198189079465,0.06868423305685104,0.14080202598239877,361
ENSG00000133401,PDZD2,23037,4351.59710387172,-1.27899523120514,0.398932152333991,5.98482431206997e-05,0.005990915062476,0.20905915577798959,0.07247506234782294,0.14076710906290626,362
ENSG00000167286,CD3D,915,619.832479636708,1.4283639032472,0.623989481015653,0.0007420108273964,0.0350449080338002,0.23347432771523657,0.047459201267286436,0.1404667644912615,363
ENSG00000114279,FGF12,2257,112.803896719894,-1.44086294843436,0.660337978009832,0.0009233035676232,0.0410822249251551,0.23551736882368265,0.045208192060450805,0.14036278044206674,364
ENSG00000174951,FUT1,2523,621.584213936008,-1.26282781825088,0.38789821803255,5.20301618594853e-05,0.0053747869942791,0.20641649877594045,0.07401201497969115,0.1402142568778158,365
ENSG00000204262,COL5A2,1290,7796.04132126977,1.24153618346602,0.369909942441538,3.8484032909912e-05,0.0043314640622932,0.2029362581271446,0.07706840017084991,0.14000232914899727,366
ENSG00000153234,NR4A2,4929,2971.3028833452,-1.43362466592465,0.657337109664208,0.0008896984555346,0.0402552963191191,0.23433422975182178,0.045496165109728065,0.1399151974307749,367
ENSG00000187678,SPRY4,81848,2176.61455490473,-1.32632563026582,0.459382221541448,0.0001591472788466,0.0122462207120685,0.21679558280198843,0.06234949019631029,0.13957253649914936,368
ENSG00000012171,SEMA3B,7869,1433.87177430107,-1.35772096668673,0.509179321777811,0.0002915117732138,0.0186405571484462,0.22192733182449023,0.05639964644353969,0.13916348913401497,369
ENSG00000066405,CLDN18,51208,13751.6927076738,-1.20739527090703,0.349309563736117,2.66425032607413e-05,0.0033117217102623,0.19735572883123217,0.08087005622300272,0.13911289252711745,370
ENSG00000088538,DOCK3,1795,142.341344794267,1.42491928099657,0.661491542016156,0.0009908655423598,0.0425354942256426,0.23291128431826297,0.044715867712041946,0.13881357601515246,371
ENSG00000173253,DMRT2,10655,132.415540815007,-1.39204454407128,0.582329879741783,0.0005948365429402,0.0302404204740159,0.22753771874089274,0.04954742555347071,0.13854257214718171,372
ENSG00000124256,ZBP1,81030,288.271087751262,1.31672234124485,0.461785749393227,0.0001812939552609,0.0134472562290774,0.21522586975972458,0.06102450998427669,0.13812518987200062,373
ENSG00000164379,FOXQ1,94234,286.878323205348,-1.36511827046276,0.547942223720086,0.0004627814747034,0.0252886601502823,0.22313646384055957,0.05207995260268618,0.13760820822162287,374
ENSG00000149633,KIAA1755,85449,340.592430841509,1.36750839835803,0.557143519930392,0.0005064651506671,0.026747939825157,0.22352714404623614,0.05128543539795945,0.13740628972209779,375
ENSG00000088926,F11,2160,311.319792436192,-1.39735404462504,0.629823824424923,0.0008542597695303,0.0392859373973507,0.22840558726478546,0.04584136733742404,0.13712347730110475,376
ENSG00000178562,CD28,940,517.680860368539,1.40371779401765,0.657340021401019,0.0010485850519481,0.0437677852956125,0.22944577884888398,0.04431140795373618,0.1368785934013101,377
ENSG00000254003,SRI-AS1,102723885,519.775205618416,-1.3969535055121,0.643262732539432,0.0009378927832785,0.0414021660855325,0.22834011683396266,0.04509832681757759,0.13671922182577012,378
ENSG00000188883,KLRG2,346689,178.728111231246,-1.37031210630004,0.57666704495369,0.0006130241500135,0.030818767435012,0.22398542629866672,0.04927913201013792,0.13663227915440232,379
ENSG00000121075,TBX4,9496,1315.17507507057,-1.21045816016419,0.371732060900299,5.31717500277236e-05,0.0054677477312599,0.19785637576620158,0.0737691643818437,0.13581277007402265,380
ENSG00000100628,ASB2,51676,256.670033742243,1.27369970630608,0.439416280633786,0.0001649272217607,0.0124371617929805,0.2081935716555565,0.062130379708769654,0.13516197568216307,381
ENSG00000013588,GPRC5A,9052,12585.0571887794,-1.22063906727037,0.386199601027355,7.18129103222979e-05,0.0067638334734457,0.19952050381980396,0.0707565446848942,0.13513852425234907,382
ENSG00000171033,PKIA,5569,565.581583137173,-1.2185499527974,0.385099505957291,7.20542751668847e-05,0.0067638334734457,0.1991790259961289,0.0707565446848942,0.13496778534051157,383
ENSG00000118849,RARRES1,5918,1028.55389633019,1.35009174790642,0.567619180681572,0.000620882823324,0.0310757347611933,0.22068029196183622,0.0491615372081049,0.13492091458497057,384
ENSG00000115109,EPB41L5,57669,3975.18992715752,-1.23747119433089,0.405244935249041,0.0001011365691044,0.0085985908877783,0.20227181218074636,0.06735750310538127,0.13481465764306383,385
ENSG00000117091,CD48,962,912.538426513696,1.35388092236186,0.57997944566618,0.0006887176266982,0.0335464644464417,0.22129965440621638,0.04807807180225005,0.13468886310423323,386
ENSG00000146411,SLC2A12,154091,376.329480000962,-1.25705945831119,0.428475862663473,0.0001451338600434,0.0113581086902356,0.2054736270358489,0.0634156957526385,0.13444466139424371,387
ENSG00000106537,TSPAN13,27075,3496.67467907567,-1.25345597927509,0.427291514176786,0.0001419597777089,0.0112292169619222,0.2048846175800115,0.06357732678494181,0.13423097218247665,388
ENSG00000177181,RIMKLA,284716,497.590020286526,-1.23002810257399,0.403059304056348,0.0001027332519547,0.0086399046801904,0.2010551958548126,0.06728962083929475,0.13417240834705368,389
ENSG00000184545,DUSP8,1850,198.289379255372,-1.34425535115226,0.572544541915961,0.0006797017815081,0.033283319054241,0.219726299211558,0.04818960078956844,0.1339579500005632,390
ENSG00000066294,CD84,8832,3729.9728134863,1.3562692641838,0.605203734203367,0.0009355825381752,0.0414021660855325,0.2216900426678939,0.04509832681757759,0.13339418474273576,391
ENSG00000102934,PLLP,51090,918.29339530908,-1.18299956280135,0.368332494527075,6.28404536809007e-05,0.0062080331162577,0.1933681094744547,0.07197088977808067,0.13266949962626767,392
ENSG00000159708,LRRC36,55282,605.002068684677,-1.30477287398871,0.525397575726762,0.00048320421015,0.0259878067544267,0.21327266033750372,0.05169373072294879,0.13248319553022625,393
ENSG00000115415,STAT1,6772,21915.0760737132,1.34772301397225,0.630731588429239,0.0010765036586647,0.0443601862841036,0.2202931087226355,0.044121007341455645,0.13220705803204558,394
ENSG00000106025,TSPAN12,23554,1402.76609619895,-1.23043526713017,0.42111954634875,0.0001510758059472,0.0116707440474242,0.2011217492525899,0.06303114623454076,0.13207644774356533,395
ENSG00000166510,CCDC68,80323,1502.85751333062,-1.20428038948229,0.398190306538104,0.000112186922997,0.0092967207288023,0.19684658347625608,0.06625195612559967,0.13154926980092788,396
ENSG00000182985,CADM1,23705,5787.27475933997,-1.18558673783487,0.383440218422847,9.24111841574265e-05,0.0081618048397132,0.19379099817267753,0.06809581970810488,0.1309434089403912,397
ENSG00000177303,CASKIN2,57513,2201.78510689693,-1.20413819120355,0.402890216138459,0.0001252537750805,0.0101200576915999,0.1968233403465077,0.06505018785309231,0.1309367640998,398
ENSG00000158457,TSPAN33,340348,652.008695647894,1.27156227413682,0.490533148388847,0.0003842705443637,0.0223232839289078,0.20784419602542442,0.05384634092127721,0.13084526847335082,399
ENSG00000137265,IRF4,3662,1340.80203004094,1.28228251479395,0.51924219021007,0.0005029210331709,0.0267079402193116,0.20959648126217603,0.051306629748254555,0.13045155550521528,400
ENSG00000073737,DHRS9,10170,429.970458186714,1.29721756448014,0.544605775076955,0.0006447509915096,0.0318476019234103,0.21203770137208622,0.04881407113638912,0.13042588625423768,401
ENSG00000070193,FGF10,2255,274.015196336728,-1.30423693579993,0.563281034467024,0.0007263577973507,0.0345945104199295,0.21318505814590685,0.047642393391956576,0.1304137257689317,402
ENSG00000111087,GLI1,2735,155.475668221852,1.2732927873105,0.502537020439751,0.0004468657263762,0.0247658013018425,0.20812705839607715,0.05237583372989557,0.13025144606298636,403
ENSG00000163898,LIPH,200879,771.767723548128,-1.25008777725035,0.468049667872255,0.0003061246380696,0.0191840933159274,0.2043340655102291,0.0559926006988547,0.1301633331045419,404
ENSG00000211772,TRBC2,28638,1270.93227938823,1.29151490970945,0.5488309782003,0.0006658276637441,0.0326746621190546,0.21110556952126577,0.04845098379495649,0.12977827665811115,405
ENSG00000049759,NEDD4L,23327,8699.58655052316,-1.17123517304077,0.382483111843039,0.0001017132718733,0.0085985908877783,0.1914451520375668,0.06735750310538127,0.12940132757147405,406
ENSG00000065054,NHERF2,9351,1783.06837025723,-1.15211162222617,0.365449062391074,7.72101266708836e-05,0.0071467125472616,0.18831929723276766,0.06997673798765032,0.129148017610209,407
ENSG00000197415,VEPH1,79674,2282.18062010297,-1.28036958957347,0.553517855104605,0.0007254773459187,0.0345945104199295,0.20928380258918117,0.047642393391956576,0.12846309799056888,408
ENSG00000102265,TIMP1,7076,4934.45915210855,1.30323935241649,0.618505295274695,0.0011761460422204,0.0476845016364748,0.2130219973815883,0.043097591297872544,0.12805979433973042,409
ENSG00000147676,MAL2,114569,2163.23308379418,-1.24258099206673,0.492230195949592,0.0004477395894644,0.0247658013018425,0.20310703812591616,0.05237583372989557,0.12774143592790588,410
ENSG00000125968,ID1,3397,4240.51956918435,-1.28599980261626,0.592320025351593,0.0009479875362377,0.0414021660855325,0.21020409342127977,0.04509832681757759,0.12765121011942868,411
ENSG00000130635,COL5A1,1289,7138.37472956261,1.12565350358738,0.352907419390554,7.28472659394115e-05,0.0068100152782946,0.18399456496548047,0.07066017745603241,0.12732737121075643,412
ENSG00000158246,TENT5B,115572,451.065273367732,-1.22500019874542,0.49452063212199,0.0005155409793572,0.0270605187378147,0.2002333559416619,0.0511208945204594,0.12567712523106064,413
ENSG00000006468,ETV1,2115,2915.26454586157,-1.21373601309896,0.473588498046181,0.0004210719348105,0.0238147759530478,0.19839215975553026,0.052930388835513216,0.12566127429552174,414
ENSG00000171368,TPPP,11076,826.502411867706,-1.16895491212824,0.411190669439195,0.0001989960423183,0.0143632371013834,0.19107243022461845,0.06009126722832868,0.12558184872647357,415
ENSG00000290710,HLA-V,352962,154.896103389608,-1.25375397443395,0.568644412274503,0.0009507176654606,0.0414413983539796,0.20493332660942556,0.04508491324464923,0.1250091199270374,416
ENSG00000168743,NPNT,255743,7776.96920495937,-1.09380710682267,0.342299019257176,7.04107270676625e-05,0.0067211049723701,0.17878908752524963,0.07084629375175826,0.12481769063850395,417
ENSG00000133116,KL,9365,830.09493913451,-1.18680646564425,0.449402344128868,0.0003435705913315,0.0205787303148358,0.19399036972613334,0.0549987481724165,0.12449455894927491,418
ENSG00000164692,COL1A2,1278,45060.4272278848,1.17641434866445,0.432744465368747,0.000291962665977,0.0186405571484462,0.19229171819910928,0.05639964644353969,0.12434568232132448,419
ENSG00000079263,SP140,11262,1009.04201903862,1.18361939702436,0.44623844886631,0.0003423329578884,0.0205787303148358,0.1934694249572831,0.0549987481724165,0.1242340865648498,420
ENSG00000148488,ST8SIA6,338596,1413.39109384727,-1.12445145846092,0.375813592463938,0.0001309836796904,0.0104708260976547,0.18379808374865217,0.06456763232416367,0.12418285803640791,421
ENSG00000134061,CD180,4064,555.360428898166,1.24336050255847,0.575112356013087,0.0010759187796106,0.0443601862841036,0.20323445361687908,0.044121007341455645,0.12367773047916736,422
ENSG00000175318,GRAMD2A,196996,543.448282130613,-1.17396910041154,0.44344085795219,0.0003415626935316,0.0205787303148358,0.19189202825269777,0.0549987481724165,0.12344538821255713,423
ENSG00000116133,DHCR24,1718,9962.20574707476,-1.16750022682022,0.448408178847086,0.0003438429942539,0.0205787303148358,0.1908346535113067,0.0549987481724165,0.1229167008418616,424
ENSG00000116016,EPAS1,2034,46484.4871102344,-1.1649721318687,0.429422930241215,0.0003304490880689,0.0202048852853712,0.19042142179362992,0.05525839190822376,0.12283990685092684,425
ENSG00000168421,RHOH,399,693.598070953522,1.15357648679499,0.430621038078457,0.0003251980342387,0.0200461992604434,0.18855873780503474,0.055370058469742155,0.12196439813738845,426
ENSG00000124920,MYRF,745,1328.51978662503,-1.19649428300927,0.508398836453683,0.0007014360125727,0.0338349401117999,0.19557389941431993,0.04795680788974069,0.12176535365203031,427
ENSG00000149527,PLCH2,9651,302.440735181748,1.22335668033045,0.582409493776766,0.0012120736249027,0.048618336198891,0.19996471336664975,0.042822925698040464,0.12139381953234511,428
ENSG00000214548,MEG3,55384,961.2252566323,1.13391297574712,0.412461113669707,0.0002750109886206,0.0179788971255715,0.18534462338224253,0.05691148157868628,0.1211280524804644,429
ENSG00000114200,BCHE,590,543.541051916704,-1.19774650081553,0.529093079242721,0.0008561184253588,0.0392859373973507,0.1957785816453711,0.04584136733742404,0.12080997449139758,430
ENSG00000128268,MGAT3,4248,999.22185086073,-1.14537058335427,0.436548598152924,0.0003707937093564,0.0219020002265584,0.18721743550471562,0.054116162675842586,0.12066679909027911,431
ENSG00000169891,REPS2,9185,1615.76341834537,-1.19330059707749,0.523403688576557,0.000827049206131,0.0384195773928192,0.19505187300763124,0.04615717622503965,0.12060452461633545,432
ENSG00000177606,JUN,3725,13728.0386440241,-1.19661961236179,0.536038314245212,0.0009098838896454,0.0407609965058396,0.1955943852206723,0.045319363511509184,0.12045687436609073,433
ENSG00000103034,NDRG4,65009,743.219886224106,-1.14963951301657,0.447375115429064,0.0004232117145766,0.0238345697343718,0.1879152167078833,0.05291862275948165,0.12041691973368247,434
ENSG00000140945,CDH13,1012,666.505137567663,-1.12889887356316,0.416808926069411,0.0002997154542232,0.0189928927756109,0.1845250394275975,0.056134457742729967,0.12032974858516372,435
ENSG00000125798,FOXA2,3170,629.410667030463,-1.18615536206788,0.520086381050408,0.0008349540903451,0.0387073081677845,0.19388394308694118,0.0460515085055956,0.11996772579626838,436
ENSG00000271270,TMCC1-DT,100507032,153.232694619025,1.18875496844219,0.529943448253695,0.0009243182817002,0.0410822249251551,0.19430886375959786,0.045208192060450805,0.11975852791002434,437
ENSG00000241106,HLA-DOB,3112,178.614560667408,1.17399614007695,0.500352763384623,0.0007398074441741,0.0350449080338002,0.19189644804214281,0.047459201267286436,0.11967782465471463,438
ENSG00000103241,FOXF1,2294,1186.48229010907,-1.13154106057699,0.432704172074706,0.0003804052089221,0.0222374858952111,0.1849569201516549,0.05390087713530144,0.11942889864347817,439
ENSG00000170561,IRX2,153572,909.984158051134,-1.1222938113994,0.42328167781251,0.0003480086930525,0.0207448628589647,0.18344540387765437,0.05488487569293739,0.11916513978529589,440
ENSG00000152413,HOMER1,9456,506.25896798227,-1.15377290119625,0.473210476867663,0.0005929630576512,0.0302130703901895,0.18859084287306643,0.04956023991894257,0.1190755413960045,441
ENSG00000267121,FMNL1-DT,339192,311.633139261395,1.14305738171804,0.462270968004653,0.0005628177855118,0.0289377880946226,0.18683932934027056,0.05017100244305663,0.1185051658916636,442
ENSG00000169252,ADRB2,154,1160.59201440871,-1.07418122866291,0.371346810692366,0.0001836566345622,0.0135715584769844,0.1755811244153207,0.060894200642075465,0.11823766252869808,443
ENSG00000110195,FOLR1,2348,1784.40394460953,-1.11873967806044,0.431041726759949,0.0004057634283551,0.0231025176503806,0.18286446026094885,0.05336041782538574,0.11811243904316729,444
ENSG00000151718,WWC2,80014,5271.5390618905,-1.0799331236559,0.38018444098255,0.0002115816731627,0.0149689606706562,0.17652130486480141,0.05950627322767484,0.11801378904623813,445
ENSG00000137819,PAQR5,54852,684.087425546763,-1.15164891203487,0.486920963263621,0.0007241451121957,0.0345945104199295,0.18824366458019562,0.047642393391956576,0.1179430289860761,446
ENSG00000163815,CLEC3B,7123,450.043788722454,-1.14072457919762,0.471970995850534,0.0006307256392639,0.0313623056833505,0.18645801929812422,0.049031536503901095,0.11774477790101266,447
ENSG00000211445,GPX3,2878,10025.8138180197,-1.04419929904121,0.34727912042344,0.0001309628773755,0.0104708260976547,0.1706804048955132,0.06456763232416367,0.11762401860983843,448
ENSG00000137077,CCL21,6366,652.080752454422,1.12586169770323,0.448632074698183,0.0005148544955131,0.0270605187378147,0.1840285954958809,0.0511208945204594,0.11757474500817015,449
ENSG00000072818,ACAP1,9744,1195.64308697079,1.10882920987995,0.424326138365087,0.0004008076601056,0.0228976557943694,0.18124453701133234,0.053486561158970936,0.11736554908515164,450
ENSG00000204175,GPRIN2,9721,2052.58314183635,-1.12460485025836,0.451471951837511,0.0005275537376268,0.0274996502450049,0.18382315652366624,0.05089291907735076,0.11735803780050849,451
ENSG00000137460,FHDC1,85462,1006.78201303929,-1.15229756398319,0.510249283730003,0.0008961348747333,0.0403849786276754,0.18834969048662667,0.04545061505465316,0.11690015277063992,452
ENSG00000135424,ITGA7,3679,602.001353750496,1.15751756242009,0.523240155889463,0.0010203708704832,0.043147383556901,0.18920292937271108,0.04451359093821342,0.11685826015546225,453
ENSG00000178726,THBD,7056,3869.1176247309,-1.15171629212587,0.515871944896494,0.0009417792521167,0.0414021660855325,0.188254678245139,0.04509832681757759,0.11667650253135829,454
ENSG00000122188,LAX1,54900,664.576582127119,1.15043161801166,0.511028698023493,0.0009316231254296,0.041325705816852,0.1880446908431426,0.0451245052652144,0.1165845980541785,455
ENSG00000167434,CA4,762,983.580115063367,-1.15413304351897,0.529829622490589,0.0010592274261542,0.0440494523196444,0.1886497102152666,0.044220559503837034,0.11643513485955181,456
ENSG00000069122,ADGRF5,221395,16362.9110446719,-1.0850340396332,0.406221400206571,0.0003415712227555,0.0205787303148358,0.17735507903525238,0.0549987481724165,0.11617691360383445,457
ENSG00000143851,PTPN7,5778,855.530041648585,1.15058793857135,0.533858934045226,0.0011494412031367,0.0467799237289243,0.18807024234125783,0.04336882944163185,0.11571953589144483,458
ENSG00000124839,RAB17,64284,462.747404533605,-1.13497919929619,0.510829668838191,0.0009927392897113,0.0425354942256426,0.18551890377797875,0.044715867712041946,0.11511738574501035,459
ENSG00000162545,CAMK2N1,55450,718.049042394082,-1.09109522294403,0.430271731797005,0.0004836169669634,0.0259878067544267,0.17834581444619194,0.05169373072294879,0.11501977258457036,460
ENSG00000053747,LAMA3,3909,10240.2205696503,-1.13094107327227,0.505372261507045,0.0009434729823724,0.0414021660855325,0.18485884876222206,0.04509832681757759,0.11497858778989982,461
ENSG00000173376,NDNF,79625,13968.7683154095,-1.05684140079859,0.383812874719122,0.0002732344211122,0.0179170501704984,0.1727468294264061,0.05696028307435314,0.11485355625037962,462
ENSG00000156675,RAB11FIP1,80223,7351.6712506248,-1.0685500307162,0.397091945650965,0.0003386624022171,0.0205787303148358,0.1746606725949893,0.0549987481724165,0.1148297103837029,463
ENSG00000072657,TRHDE,29953,351.249264156981,-1.12852374800893,0.504245781224518,0.0009641493557063,0.0417054510021871,0.18446372298969008,0.04499496224608497,0.11472934261788753,464
ENSG00000183579,ZNRF3,84133,996.795312871786,-1.09597555492937,0.4485823382435,0.0006085218120715,0.030728993201997,0.17914353288945,0.049320446229786166,0.11423198955961808,465
ENSG00000163827,LRRC2,79442,240.851315759069,-1.09231993598184,0.457674268774888,0.0007042333412235,0.0338975976138322,0.17854600086402056,0.04793060581675623,0.1132383033403884,466
ENSG00000169860,P2RY1,5028,1576.75595947161,-1.0428032701893,0.383847483207347,0.0003121151805871,0.0195054743934327,0.1704522159186497,0.055757314630211344,0.11310476527443053,467
ENSG00000118898,PPL,5493,3094.95062810949,-1.08919617333523,0.469063965907859,0.0007623425497194,0.0356332138477322,0.1780354038220474,0.047223431579242324,0.11262941770064487,468
ENSG00000111412,SPRING1,79794,4054.95472739919,-1.06511932533057,0.426199047640424,0.000535454743227,0.0277834693945559,0.1740999039899594,0.0507475028857512,0.1124237034378553,469
ENSG00000099994,SUSD2,56241,6380.68037425817,-1.09787031688204,0.484578193208656,0.0009118727565133,0.0407693623924944,0.1794532426714421,0.045316457131333934,0.11238484990138803,470
ENSG00000082512,TRAF5,7188,1542.1859924391,1.05911368650244,0.41506293053323,0.0004899128610975,0.0261398553221952,0.17311824764544484,0.05161111263936059,0.11236468014240272,471
ENSG00000171885,AQP4,361,14777.8033783809,-1.10518242269597,0.506886473759255,0.0010887972669304,0.0447039211792525,0.18064844858865192,0.04401169156145166,0.11233007007505179,472
ENSG00000116005,PCYOX1,51449,6076.77336185018,-1.04682929813824,0.402372171747643,0.0004210240244704,0.0238147759530478,0.17111029343419362,0.052930388835513216,0.11202034113485342,473
ENSG00000005884,ITGA3,3675,8580.46896710618,-1.07906758863106,0.457691884417229,0.0007520451874934,0.0352977557607121,0.17637982816717615,0.04735738857720776,0.11186860837219195,474
ENSG00000108924,HLF,3131,1779.75098403575,-1.10419659608998,0.516555258633753,0.0011949554174011,0.0481022711883746,0.18048730953749412,0.04297405522385081,0.11173068238067246,475
ENSG00000078589,P2RY10,27334,536.218718543698,1.08670905567532,0.474461555344532,0.0008945573520147,0.0403849786276754,0.17762887007929734,0.04545061505465316,0.11153974256697524,476
ENSG00000111052,LIN7A,8825,788.408145911365,-1.07337226715567,0.466079776688152,0.0008640035150211,0.0394531264058337,0.17544889498581678,0.045781225329031276,0.11061506015742403,477
ENSG00000159713,TPPP3,51673,1137.53695746011,-1.08763631707274,0.505563844401768,0.0011848518891504,0.047890788331326,0.17778043630894427,0.04303645683983265,0.11040844657438846,478
ENSG00000104814,MAP4K1,11184,471.825374901528,1.07340597538017,0.485913334775841,0.0010877452791847,0.0447039211792525,0.175454404789751,0.04401169156145166,0.10973304817560132,479
ENSG00000158220,ESYT3,83850,1588.63915802025,-1.01933312992797,0.392069172996486,0.000436331775352,0.0243131373246032,0.16661588597049085,0.052637081677205516,0.10962648382384818,480
ENSG00000139304,PTPRQ,374462,886.612057227611,-1.01808698188504,0.391522196439726,0.0004362798959972,0.0243131373246032,0.16641219587730427,0.052637081677205516,0.10952463877725489,481
ENSG00000138759,FRAS1,80144,3752.21786262086,-1.03061823764698,0.414024084995214,0.0005705499051787,0.0292688220064806,0.16846050199019003,0.05000991389752847,0.10923520794385924,482
ENSG00000078098,FAP,2191,633.158521183673,1.04641919015803,0.461135948996009,0.0009855540553645,0.0424560846086337,0.1710432589167625,0.044742331812088115,0.10789279536442531,483
ENSG00000007402,CACNA2D2,9254,3521.64748532213,-1.04055760644294,0.480935845640281,0.001197508056046,0.0481194045327329,0.17008514921228451,0.042969011758620036,0.10652708048545227,484
ENSG00000171509,RXFP1,59350,595.011024310416,-1.00192128698434,0.406247632853189,0.0006248828124318,0.0312068959506517,0.16376981970102997,0.04910188880254613,0.10643585425178805,485
ENSG00000094963,FMO2,2327,8135.90664520364,-1.02070210204779,0.456042234192696,0.0010414676059277,0.0436317067572306,0.16683965236826193,0.044355508186023955,0.10559758027714294,486
